date,customerId,firstName,lastName,phone,email,gender,address,is_active
2022-09-12,C0555697703960,Allen,Boyd,(969) 888-6766,tohwet@ivomofo.ro,Male,911 Vofe Avenue,TRUE
2022-09-12,C0591382780948,Adam,Chavez,(417) 362-7332,tifnekad@viobda.bt,Male,935 Ojoh View,TRUE
2022-09-12,C0536947218124,Isabella,Brown,(986) 656-8280,mipur@co.gs,Male,213 Licuv Parkway,TRUE
2022-09-12,C0515964882412,Hallie,Moran,(557) 928-1709,afki@gep.ua,Female,1508 Voru Drive,TRUE
2022-09-12,C0526768799060,Edgar,Bishop,(623) 635-1034,ji@kiwgovse.tm,Female,419 Paiz Place,TRUE
2022-09-12,C0541482828460,Floyd,Armstrong,(917) 884-4609,gi@noco.sv,Female,461 Gufzab Avenue,TRUE
2022-09-12,C0586644713624,Paul,Sutton,(648) 596-2142,refof@tusunuc.ph,Female,787 Fowow Glen,TRUE
2022-09-12,C0518553885024,Brett,Castro,(623) 484-2487,gitzibac@bagduner.nz,Female,1167 Cewkib Point,TRUE
2022-09-12,C0599303985336,Daniel,Pittman,(231) 488-6018,zec@diz.tw,Female,1041 Tegav Lane,TRUE
2022-09-12,C0542551969148,Ola,Rice,(856) 894-3327,hawcagsuw@bur.se,Male,1923 Elta Drive,TRUE
2022-09-12,C0555761056324,Jerry,Lopez,(956) 952-4329,son@didtom.mx,Female,1952 Fibuc Loop,TRUE
2022-09-12,C0511341685648,Charles,Underwood,(975) 809-3043,epvej@papbeg.bs,Female,813 Nofam Plaza,TRUE
2022-09-12,C0555429722860,Franklin,Henderson,(913) 439-7216,ivoculga@jenzoc.bn,Female,942 Izza Loop,TRUE
2022-09-12,C0543029339648,Bessie,Phillips,(871) 287-8919,ephob@mohij.gr,Female,1720 Tirak Lane,TRUE
2022-09-12,C0596966287260,Viola,Gregory,(242) 228-6195,wehakuna@gafeb.gl,Female,893 Ejbag Street,TRUE
2022-09-12,C0554383397336,Birdie,Jenkins,(781) 527-5686,ma@uwuheta.gn,Female,1613 Pifgig Manor,TRUE
2022-09-12,C0561363880324,Dominic,Hogan,(985) 947-2131,ku@ca.id,Female,30 Rudce Parkway,TRUE
2022-09-12,C0524086580724,Mollie,Jordan,(567) 781-8679,kawop@wispap.uk,Female,512 Soeg Boulevard,TRUE
2022-09-12,C0597543566636,Georgia,Bass,(451) 515-7676,pajbevuvo@fek.jo,Male,294 Izve Extension,TRUE
2022-09-12,C0578841250924,Alexander,Curtis,(410) 381-4209,pa@ata.bm,Female,1050 Gidliz Court,TRUE
2022-09-12,C0535984920648,Landon,Wilkerson,(688) 274-2511,zuv@jusac.mc,Male,910 Bofih Center,TRUE
2022-09-12,C0514848261836,Kathryn,Park,(918) 741-3347,jazilof@kovbek.ck,Female,644 Zesoj Drive,TRUE
2022-09-12,C0542283414136,Scott,Cross,(702) 267-7643,batgi@jauhouze.kr,Male,928 Ezetin Center,TRUE
2022-09-12,C0547646753012,Beatrice,Alvarez,(829) 261-6879,cid@wosfacmen.tp,Female,941 Tuhuj Center,TRUE
2022-09-12,C0512145041636,Agnes,Boone,(585) 701-2027,ebvorebu@ohora.bd,Male,1475 Omoda Key,TRUE
2022-09-12,C0570214860460,Allie,Anderson,(216) 807-5345,adiossat@niijses.nu,Male,1562 Tonlo Mill,TRUE
2022-09-12,C0585201800724,Vincent,Torres,(470) 353-2688,akapa@sudno.qa,Male,988 Pizu Parkway,TRUE
2022-09-12,C0532053231236,Craig,Harmon,(455) 623-8674,fa@hen.lu,Male,964 Cacnil Turnpike,TRUE
2022-09-12,C0580921864824,Edward,Scott,(539) 985-9634,juk@ukoni.in,Male,1791 Didfi Grove,TRUE
2022-09-12,C0575053082948,Joshua,Stephens,(513) 305-2796,od@rida.hr,Male,26 Gimiv Turnpike,TRUE
2022-09-12,C0553043186360,Nancy,Morrison,(934) 773-8835,wowu@rirsusol.gu,Female,1782 Apaolo Key,TRUE
2022-09-12,C0574356023848,Maurice,Wolfe,(260) 429-6113,gibuga@jobras.bj,Male,826 Ofbum Path,TRUE
2022-09-12,C0589241188824,Christopher,Webster,(620) 534-2103,ose@us.ca,Female,316 Sevgom Road,TRUE
2022-09-12,C0565198797236,Herbert,Steele,(837) 233-4439,ebuwosi@nocbuil.mw,Male,1164 Duem Parkway,TRUE
2022-09-12,C0562115425112,Allie,Gross,(601) 645-6582,atfop@feduk.pn,Female,868 Peaz Heights,TRUE
2022-09-12,C0513474221124,Nell,Figueroa,(529) 574-9711,ka@naf.so,Male,287 Gogge Parkway,TRUE
2022-09-12,C0584921694112,Julian,Freeman,(741) 435-2285,dodisu@uluuzefe.ai,Male,868 Sovez Center,TRUE
2022-09-12,C0571928330836,Rose,Marsh,(570) 539-4508,ner@uceje.gq,Female,397 Zavruz River,TRUE
2022-09-12,C0539946493560,Maud,Conner,(820) 242-6391,sis@to.am,Male,1436 Rugi Park,TRUE
2022-09-12,C0533086239236,Keith,Caldwell,(943) 487-8098,midik@ro.uz,Female,441 Piiki Terrace,TRUE
2022-09-12,C0512821949448,Andrew,Walker,(233) 689-1542,duv@zengom.mp,Male,170 Zibmi Square,TRUE
2022-09-12,C0517938956248,Gabriel,Chambers,(255) 592-6410,uzdu@ka.sn,Male,1235 Tingob Turnpike,TRUE
2022-09-12,C0593377940736,Miguel,Reed,(329) 877-2972,ci@bagaga.tm,Female,117 Cevur Park,TRUE
2022-09-12,C0553470256148,Gabriel,Craig,(928) 373-7284,cuc@widgup.at,Male,695 Tawi Court,TRUE
2022-09-12,C0511637585060,Samuel,Woods,(529) 461-1253,vozavra@togehlo.iq,Female,1084 Afso Key,TRUE
2022-09-12,C0531654709824,Oscar,Lowe,(309) 603-1738,hicle@ufhelak.vc,Female,1749 Zebmil Junction,TRUE
2022-09-12,C0562893576448,Winnie,Stokes,(681) 288-5666,foab@caw.uy,Female,1219 Emsuf Lane,TRUE
2022-09-12,C0581232864336,Fannie,Austin,(269) 705-7752,fad@utajibo.qa,Female,1915 Kaljaj Pike,TRUE
2022-09-12,C0525834913836,Ophelia,Nelson,(428) 912-4536,ozetozvem@liid.lc,Male,955 Rapu View,TRUE
2022-09-12,C0550942611360,Allie,Ray,(750) 611-9172,cojohbud@vuis.su,Female,1288 Setso Highway,TRUE
2022-09-12,C0554692308136,Emily,Bush,(282) 690-7523,iboweda@jusowwo.gg,Male,893 Rabaco Square,TRUE
2022-09-12,C0569525248260,Christopher,Stanley,(237) 522-7773,ew@nom.ac,Male,1705 Zemal Manor,TRUE
2022-09-12,C0595712445936,Eva,Stanley,(473) 458-2999,odesug@ojenuhzub.vc,Female,76 Butaf Drive,TRUE
2022-09-12,C0552143820360,Caroline,Perkins,(982) 218-2212,rivahi@ajdu.nz,Female,1922 Okupu Park,TRUE
2022-09-12,C0560425823660,Joe,Perry,(543) 906-5362,kenkub@momfowo.ss,Female,927 Siuv Terrace,TRUE
2022-09-12,C0564144278224,Mae,Quinn,(682) 979-7397,nojvobuh@amemek.er,Male,224 Ecepul Key,TRUE
2022-09-12,C0579593547236,Eula,Quinn,(347) 983-2171,ukopa@rawja.kz,Male,1095 Mundih Square,TRUE
2022-09-12,C0560014216960,Gary,Murray,(919) 678-5622,lujbimu@gef.dz,Female,1811 Nana Lane,TRUE
2022-09-12,C0532481559924,Joel,Armstrong,(573) 950-1664,kigen@binahcuh.pe,Female,240 Hiwmeg Lane,TRUE
2022-09-12,C0577590444460,Jon,Sims,(636) 903-1835,dukana@dowurac.mr,Female,834 Hawmu Junction,TRUE
2022-09-12,C0530083716212,Sue,Ortiz,(466) 815-7613,cezuf@zen.ac,Female,627 Deron Glen,TRUE
2022-09-12,C0544792763248,Tyler,Holland,(524) 310-7211,wera@ib.gg,Female,1033 Coim Path,TRUE
2022-09-12,C0592690535648,Hilda,Griffith,(920) 636-7575,bi@nuh.tg,Male,1746 Gojbef Pass,TRUE
2022-09-12,C0579208039636,Ethel,Lloyd,(838) 974-1231,sigjan@tut.fj,Female,1238 Rosko Center,TRUE
2022-09-12,C0545923741524,Genevieve,Wright,(288) 729-2597,sooni@pur.at,Female,1630 Hepo Key,TRUE
2022-09-12,C0523700290548,Genevieve,Elliott,(480) 643-4526,bes@rumub.al,Male,1933 Juak Boulevard,TRUE
2022-09-12,C0567714055460,Kathryn,Abbott,(383) 456-6000,bo@afici.ws,Male,1915 Awivew Heights,TRUE
2022-09-12,C0560130130448,Effie,Reid,(751) 400-4079,ejdes@co.sy,Female,1877 Awmo Boulevard,TRUE
2022-09-12,C0566457498436,Chester,Williamson,(763) 827-6353,fo@nomgib.pe,Female,483 Dopte Key,TRUE
2022-09-12,C0577091869748,Luis,Walsh,(824) 873-7027,awu@oz.bv,Male,1493 Negcu Place,TRUE
2022-09-12,C0573631951948,Mabelle,Cortez,(252) 800-8851,wajav@zerjad.gt,Female,1626 Ehto Avenue,TRUE
2022-09-12,C0519729519460,Julia,Nash,(474) 878-5033,taf@adfut.gd,Male,1370 Mote Avenue,TRUE
2022-09-12,C0561541994124,Martha,Cobb,(544) 286-4609,izi@iro.do,Female,696 Sibic Point,TRUE
2022-09-12,C0579219210936,Anthony,Sherman,(430) 858-3655,fuopo@ri.gl,Female,1505 Pudot Park,TRUE
2022-09-12,C0548814235248,Ruby,Stephens,(727) 698-8247,om@nu.ve,Female,1486 Fewit Path,TRUE
2022-09-12,C0565231912660,Edwin,Chapman,(850) 893-4939,kicna@omlaun.mk,Male,1177 Imeci Street,TRUE
2022-09-12,C0563819971424,Minerva,Leonard,(878) 830-3680,gaw@fez.fo,Female,1074 Guub Heights,TRUE
2022-09-12,C0526936473848,Florence,Martin,(515) 557-8234,ijicejur@pun.nu,Female,647 Falwad Street,TRUE
2022-09-12,C0574927826536,Lewis,Sullivan,(759) 411-9054,guzbup@pamipu.bf,Male,1117 Fulvos Grove,TRUE
2022-09-12,C0534424004348,Fannie,Farmer,(775) 834-8204,fetjo@et.cd,Female,1476 Kocepe Loop,TRUE
2022-09-12,C0546465675224,Bessie,Stewart,(604) 721-1987,pen@fow.cv,Female,817 Majub Loop,TRUE
2022-09-12,C0581748366436,Ada,Lee,(716) 791-1323,tehik@dewoju.bv,Male,1457 Zicha Extension,TRUE
2022-09-12,C0582714489836,Randall,Barrett,(973) 696-9892,mene@epofe.vu,Male,162 Himfu Glen,TRUE
2022-09-12,C0585362221912,Erik,Coleman,(674) 981-9701,la@zonfiwfu.ki,Female,921 Suko Extension,TRUE
2022-09-12,C0581984786912,Henry,Pratt,(935) 658-5972,ipoboos@ludandin.tn,Female,1503 Rubre Parkway,TRUE
2022-09-12,C0534225552648,Tony,Herrera,(364) 387-7795,zuzabeh@pamenuze.ru,Male,1929 Jasag Boulevard,TRUE
2022-09-12,C0594751495360,Edgar,Rice,(784) 917-5649,sifdujfiz@egrulu.cu,Female,1183 Masse Manor,TRUE
2022-09-12,C0581253003836,Jayden,Alexander,(605) 968-4438,ukoizi@wizeto.su,Male,258 Dior Mill,TRUE
2022-09-12,C0518283823836,Emilie,Schultz,(889) 649-5305,vuna@onekabad.nl,Female,290 Zesen Place,TRUE
2022-09-12,C0585208247348,Jose,Simmons,(802) 479-4185,jumlunok@amehi.bj,Male,626 Hawip Avenue,TRUE
2022-09-12,C0527389614948,Catherine,Thornton,(501) 605-3918,utukid@tovpite.edu,Male,591 Gasbi Pike,TRUE
2022-09-12,C0556786497836,Milton,McLaughlin,(458) 663-2038,kadgep@mergeri.eh,Female,300 Pazo Pike,TRUE
2022-09-12,C0514670641224,Richard,Young,(332) 351-5482,cutufa@vil.ge,Female,1339 Wignev Place,TRUE
2022-09-12,C0561640435936,Sean,Washington,(247) 381-9292,pum@abopego.bs,Male,145 Olma Mill,TRUE
2022-09-12,C0583996534948,Leonard,Davidson,(735) 868-4854,su@paznemki.ac,Male,1930 Ekju View,TRUE
2022-09-12,C0512842690736,Jon,Ramos,(315) 673-6164,dim@kighunpev.rw,Male,712 Nanuz Square,TRUE
2022-09-12,C0535975347124,Josie,Austin,(828) 512-1032,lofdu@zedaboz.tl,Female,54 Ufiof Center,TRUE
2022-09-12,C0525759696224,Dominic,Tyler,(913) 679-2328,puhudzo@irwecev.sz,Female,435 Honun Loop,TRUE
2022-09-12,C0594159437524,Antonio,Nelson,(454) 389-7966,bahola@unuluzzoh.by,Female,912 Cisi Point,TRUE
2022-09-12,C0512470881848,Ernest,Woods,(812) 236-6158,uzapehut@ceosigar.us,Female,1686 Ruzus Grove,TRUE
2022-09-12,C0545990231536,Douglas,Oliver,(775) 352-5249,soaju@eppopive.lr,Male,331 Epugu Ridge,TRUE
2022-09-12,C0584634841924,Marion,Rodriquez,(514) 548-7716,nagojhiz@uv.gg,Male,196 Jece Heights,TRUE
2022-09-12,C0570449387060,Angel,Briggs,(320) 222-9722,edhewpeb@firu.nr,Female,669 Hajku Grove,TRUE
2022-09-12,C0536312590112,Sadie,Yates,(472) 870-3518,ta@wig.nu,Male,153 Bosi Plaza,TRUE
2022-09-12,C0555138021524,Harriet,Fisher,(949) 784-2902,vub@cuwju.ac,Male,1862 Tese View,TRUE
2022-09-12,C0557601997036,Noah,May,(366) 278-4143,lepzu@gokzunoj.mq,Female,1551 Tubo Plaza,TRUE
2022-09-12,C0565715308648,Amy,Caldwell,(608) 473-7732,ug@kaso.us,Female,1783 Ifoto Park,TRUE
2022-09-12,C0521764844736,Bertha,Cannon,(941) 313-4540,ofarozmu@ov.org,Female,443 Miedu Street,TRUE
2022-09-12,C0528307980236,Lou,Stanley,(203) 985-8355,dolsija@kan.la,Male,673 Uhpo Point,TRUE
2022-09-12,C0592478231548,Mattie,Simpson,(770) 441-1523,wiwpagib@po.org,Male,844 Nesi Extension,TRUE
2022-09-12,C0530741220048,William,Montgomery,(617) 694-2233,ice@gi.es,Male,572 Duni Street,TRUE
2022-09-12,C0527307824548,Alejandro,Singleton,(451) 760-7087,virnim@ger.mk,Male,631 Peli Place,TRUE
2022-09-12,C0585540122324,Florence,Benson,(207) 464-4147,duklifgo@hiw.bf,Male,1864 Wuwum Point,TRUE
2022-09-12,C0571673759136,Adeline,Long,(513) 954-9775,zo@jid.ao,Female,168 Verzon River,TRUE
2022-09-12,C0551492534748,Cody,Richardson,(226) 930-3974,uldeevo@calo.ws,Female,1380 Janvu Trail,TRUE
2022-09-12,C0589391537436,Garrett,Hayes,(962) 617-7361,zeb@habob.cg,Male,1511 Anebeg Glen,TRUE
2022-09-12,C0534414342248,Lillian,Nichols,(619) 830-5731,usosejtof@en.gd,Male,590 Nozdek Terrace,TRUE
2022-09-12,C0585306867636,Jeremy,Stokes,(675) 495-6683,eci@sih.cf,Female,1937 Pajid Pike,TRUE
2022-09-12,C0541620091136,Amelia,Vaughn,(347) 289-8624,risiif@fovamzez.vc,Female,1587 Vadvo Glen,TRUE
2022-09-12,C0576431995424,Cameron,Norris,(956) 541-5463,teof@urecafgit.km,Male,310 Tozwew Glen,TRUE
2022-09-12,C0549043256712,Leah,Watson,(207) 907-7880,koopna@huigwi.pt,Female,623 Pabo Grove,TRUE
2022-09-12,C0572455911636,Josie,Vaughn,(868) 630-4831,me@va.mx,Female,276 Iguede Grove,TRUE
2022-09-12,C0576323650536,Lucy,Rogers,(655) 701-2322,ecugi@biwwo.mg,Male,1004 Giwuju Lane,TRUE
2022-09-12,C0588981383060,Paul,Carpenter,(444) 753-2991,tivrinlih@gujorwuk.mc,Female,676 Fodkiz Point,TRUE
2022-09-12,C0539932475860,James,Gordon,(249) 299-3498,juhu@eb.cu,Male,1809 Abicu Avenue,TRUE
2022-09-12,C0571061600236,Manuel,Tyler,(253) 563-4950,hiwnajho@po.bn,Female,1515 Ewazi Glen,TRUE
2022-09-12,C0582902204048,Ronald,Townsend,(823) 730-7889,eru@zikamel.ar,Female,727 Bufo Ridge,TRUE
2022-09-12,C0523794627236,Betty,Jones,(909) 282-4648,nohekduk@hiabme.mp,Male,1551 Ezane Circle,TRUE
2022-09-12,C0526387189924,Alta,Hudson,(552) 219-9624,ale@cefpifpak.ch,Female,1957 Wefil Path,TRUE
2022-09-12,C0521448600660,Eunice,Manning,(469) 483-2101,vokfibav@dulo.hk,Female,1330 Pavve Street,TRUE
2022-09-12,C0528359059636,Ricky,Green,(457) 941-7306,kumuhune@dasce.dk,Female,1226 Ihkin Heights,TRUE
2022-09-12,C0524876535024,Lena,Stewart,(253) 735-9245,kikfun@hatkis.cn,Male,693 Lawpo Street,TRUE
2022-09-12,C0599969648836,Lena,McGee,(919) 618-2479,voke@delec.is,Male,1316 Guvo Path,TRUE
2022-09-12,C0524088924924,Minnie,Hunter,(585) 535-1605,sa@carre.uy,Female,1286 Seha Pike,TRUE
2022-09-12,C0547235345848,Helena,Schmidt,(316) 242-7009,macoz@luele.lr,Male,1260 Imuba Circle,TRUE
2022-09-12,C0591785706260,Glen,Porter,(455) 338-5521,soham@kinsuolo.tn,Male,1886 Bicrav Point,TRUE
2022-09-12,C0543761020324,Jacob,Doyle,(563) 550-4707,deh@ju.ad,Male,982 Vaceg Manor,TRUE
2022-09-12,C0534209759536,Frank,Henry,(931) 519-1137,buet@si.ir,Female,754 Nifi Avenue,TRUE
2022-09-12,C0525686497124,Annie,Lyons,(677) 721-3658,ih@utuget.hn,Female,1083 Tibsej Drive,TRUE
2022-09-12,C0582975290836,Jon,Clayton,(754) 307-4691,ve@sanpizgud.br,Male,304 Wuguc Park,TRUE
2022-09-12,C0573405113548,Julia,Hudson,(412) 995-5935,rogere@rovarico.sb,Female,1207 Gannus Extension,TRUE
2022-09-12,C0535971660324,Emily,Hubbard,(471) 534-8816,gozu@vatnosik.mq,Female,1278 Sede Place,TRUE
2022-09-12,C0539918967036,Anne,Perkins,(676) 560-6733,iszomadu@puh.ie,Female,1852 Vulcur Street,TRUE
2022-09-12,C0592282838424,Ophelia,Smith,(831) 809-7092,kam@iladewo.uk,Male,527 Titno Avenue,TRUE
2022-09-12,C0560872957536,Linnie,Roberson,(615) 598-7512,ji@su.sk,Female,1276 Vata Grove,TRUE
2022-09-12,C0568788176736,Nettie,Sharp,(670) 821-3599,jeogo@ubtin.ro,Male,1138 Jusowi Grove,TRUE
2022-09-12,C0554257324424,Madge,Nash,(285) 656-6383,jarnuktus@uf.mk,Male,1298 Zojho Boulevard,TRUE
2022-09-12,C0584628605936,Glen,Robinson,(718) 269-6303,re@cipubi.ky,Male,573 Tego Junction,TRUE
2022-09-12,C0596773979748,Jared,Simpson,(828) 949-6974,bab@fi.pm,Male,1279 Ozeol Junction,TRUE
2022-09-12,C0529266396048,Ethel,Wilson,(261) 641-9552,razopsuk@wawja.cz,Female,160 Niwko Heights,TRUE
2022-09-12,C0529438435436,Genevieve,Hawkins,(703) 879-6364,bizo@kefili.cd,Female,1452 Nohsof Way,TRUE
2022-09-12,C0527921573560,Bernard,Blake,(422) 599-5991,ligum@gukibiha.kn,Male,1147 Wocfov Junction,TRUE
2022-09-12,C0572587739024,Isabella,Nguyen,(600) 623-5659,pog@de.ag,Male,1291 Hivu Loop,TRUE
2022-09-12,C0532300148636,Fannie,Wells,(300) 524-7591,retol@su.com,Female,1518 Cuwun Pass,TRUE
2022-09-12,C0578724169460,Virgie,Carson,(872) 664-6629,tubed@bew.bi,Male,288 Pezoc Pass,TRUE
2022-09-12,C0530839777436,Lenora,Meyer,(382) 778-9201,vaduje@asa.so,Male,1691 Deza Heights,TRUE
2022-09-12,C0512067588648,Vernon,Marshall,(932) 854-2156,otezancuk@mipopuh.aq,Female,572 Olutos Turnpike,TRUE
2022-09-12,C0530883961648,Katherine,Thomas,(476) 610-9518,pecuhok@sor.do,Female,1304 Ibaak Park,TRUE
2022-09-12,C0594394525660,Lora,Hampton,(909) 392-4276,unaha@con.na,Male,1886 Susun Mill,TRUE
2022-09-12,C0522175171548,Susie,Webster,(323) 706-3967,pazeohu@gin.hm,Female,595 Zemiv Square,TRUE
2022-09-12,C0532883201036,Frederick,Zimmerman,(376) 912-1330,wir@zosha.sh,Female,1423 Omopur Path,TRUE
2022-09-12,C0565737102048,Loretta,Olson,(631) 365-1716,kawuh@kelapi.bf,Female,901 Nazfer Circle,TRUE
2022-09-12,C0585173945648,Mae,Garrett,(975) 860-2045,wezgo@kiwohi.ls,Female,644 Ivetab Avenue,TRUE
2022-09-12,C0587855694648,Fannie,Mann,(382) 494-3791,ejih@ducan.org,Male,1072 Teto Terrace,TRUE
2022-09-12,C0561377092636,Jason,Sutton,(763) 258-4776,pahuku@heba.bf,Male,537 Doke Path,TRUE
2022-09-12,C0523725240860,Richard,Robinson,(688) 233-4160,azvan@hegik.bs,Male,642 Gatvap Park,TRUE
2022-09-12,C0563810025324,Jayden,Lyons,(914) 963-3704,go@wewfel.cv,Male,724 Kahrag Square,TRUE
2022-09-12,C0575089185736,Bernard,Klein,(927) 422-7877,zorleba@mab.pe,Female,1995 Behbi Key,TRUE
2022-09-12,C0518696329624,Mamie,Turner,(201) 375-3370,godudu@rure.dm,Female,1577 Zitsil Turnpike,TRUE
2022-09-12,C0548013512748,Willie,Wolfe,(900) 207-5045,kofa@no.gq,Male,1627 Nolmam Boulevard,TRUE
2022-09-12,C0585948513060,Alex,Soto,(622) 201-3869,venru@mufi.mu,Male,1916 Bojbi Park,TRUE
2022-09-12,C0551156918536,Adeline,Watkins,(568) 481-8774,hefefad@reh.gh,Male,173 Iloeb Park,TRUE
2022-09-12,C0552484809248,Phillip,Hudson,(755) 510-8300,ec@udmeajo.bv,Female,976 Hojar Parkway,TRUE
2022-09-12,C0565605310948,Stella,Sanchez,(404) 959-3311,re@vidad.kr,Male,1102 Tagmi Court,TRUE
2022-09-12,C0521034227848,Gordon,Wolfe,(741) 335-4922,debatfo@tumegwo.ag,Female,660 Viktuj Parkway,TRUE
2022-09-12,C0597293672348,Harriet,Brooks,(404) 797-4271,otde@duzege.ar,Female,1461 Moac Path,TRUE
2022-09-12,C0568177114336,Rosa,Thornton,(582) 901-4147,mimecu@lozlafar.vi,Female,1900 Tahho Street,TRUE
2022-09-12,C0557456090748,Janie,Horton,(781) 290-1899,ac@ofifurod.sk,Female,34 Vonaj Extension,TRUE
2022-09-12,C0585077960148,Lloyd,Stevenson,(933) 778-3666,acalavo@isatebi.mh,Female,1279 Ejehib Path,TRUE
2022-09-12,C0599301938124,Cora,Bailey,(507) 270-5705,ohbum@bu.je,Female,68 Karjuk Terrace,TRUE
2022-09-12,C0521873622560,Cameron,Collier,(323) 254-2061,ol@nagnaw.va,Female,1436 Lizza Junction,TRUE
2022-09-12,C0577960564960,Ivan,Benson,(259) 247-6716,ruk@hosmon.ca,Female,1582 Kabepe Highway,TRUE
2022-09-12,C0559787184336,Josephine,White,(501) 781-7962,cojkil@hunfuh.lu,Female,423 Biiwo Drive,TRUE
2022-09-12,C0557345071360,Calvin,Moss,(756) 649-4719,ve@lur.org,Male,998 Gega Heights,TRUE
2022-09-12,C0564969783548,Alma,Santos,(517) 627-1194,ijafuroho@jo.cz,Female,401 Aroruj View,TRUE
2022-09-12,C0539556791048,Harriet,Dawson,(954) 794-9155,wanuh@mues.pl,Male,1821 Fokwi Terrace,TRUE
2022-09-12,C0595519496524,Betty,Miles,(850) 574-4476,uvca@lozeopo.vu,Female,1295 Gadom Road,TRUE
2022-09-12,C0575571829548,Lewis,Bell,(227) 540-1378,adsabuma@nidnin.by,Female,420 Momib View,TRUE
2022-09-12,C0521057081712,Mabelle,Hale,(304) 260-4274,gec@ijavub.tg,Male,253 Kigvur Trail,TRUE
2022-09-12,C0530977259524,Mabel,Ballard,(570) 316-7454,nenu@ti.gb,Female,1796 Fifih Loop,TRUE
2022-09-12,C0572564466848,Rebecca,Burke,(460) 414-4721,sadergi@ciuc.vi,Male,1389 Kufod Center,TRUE
2022-09-12,C0516118875136,Alvin,Horton,(659) 770-2573,puvikiz@dumfo.kw,Female,922 Miklef Road,TRUE
2022-09-12,C0520938224860,Terry,Chambers,(418) 516-1485,asdu@fupmiw.sk,Female,1889 Fale Avenue,TRUE
2022-09-12,C0550692985124,Arthur,Sparks,(362) 317-5007,vojke@kahwirsa.gw,Female,1012 Lifzi Drive,TRUE
2022-09-12,C0531499600748,Elmer,Henry,(520) 927-7487,hielhi@fe.ck,Male,1139 Lajhos Junction,TRUE
2022-09-12,C0589896323760,Lottie,Hayes,(407) 542-7261,li@sorrepim.ms,Male,56 Mofduj Avenue,TRUE
2022-09-12,C0594427715760,Alma,Ramirez,(911) 967-4284,putpen@kepjob.ye,Male,1972 Mowraf Place,TRUE
2022-09-12,C0512548503024,Hester,Hall,(234) 688-5824,efujijes@mif.cv,Female,410 Dujimi Court,TRUE
2022-09-12,C0525940235860,Mable,Romero,(262) 851-5815,mito@nidur.mm,Male,299 Rawu Terrace,TRUE
2022-09-12,C0589007603260,Raymond,Neal,(676) 966-5191,oduko@ed.ec,Female,1964 Mabnek Parkway,TRUE
2022-09-12,C0588222138060,Adele,Hicks,(386) 551-2465,tazgeprev@lu.tw,Female,418 Osega Parkway,TRUE
2022-09-12,C0590165973448,Janie,James,(573) 982-1110,luisfu@asahaza.gb,Female,40 Bihjaz Ridge,TRUE
2022-09-12,C0549132212924,Cordelia,Kim,(526) 389-5237,zuvkujwa@mubi.sv,Male,934 Usac Key,TRUE
2022-09-12,C0551013379448,Ethel,Banks,(217) 455-6366,rafnik@kadzuk.so,Male,546 Ewuh Loop,TRUE
2022-09-12,C0531460843636,Louis,Weber,(930) 381-1713,jorbowgi@pis.ag,Female,1484 Udeawi Lane,TRUE
2022-09-12,C0522066462036,Devin,Wallace,(846) 644-4070,ha@jov.cv,Male,246 Figsu Glen,TRUE
2022-09-12,C0550836890224,Marc,Tucker,(653) 990-4187,miricte@akaubliz.nu,Male,769 Kifse Terrace,TRUE
2022-09-12,C0549548286724,Gary,Hanson,(232) 275-1235,vitfi@doddatofa.ml,Female,594 Somla Terrace,TRUE
2022-09-12,C0554723065924,Mayme,Fowler,(656) 381-2543,upu@bi.uz,Male,403 Evmi Pass,TRUE
2022-09-12,C0574927279248,Jacob,Smith,(611) 912-3388,atilur@jejir.al,Female,300 Hempit Turnpike,TRUE
2022-09-12,C0523119707612,Billy,Hill,(844) 887-5837,faptewga@vokbe.ca,Female,194 Citrit Boulevard,TRUE
2022-09-12,C0579435788348,Max,Jimenez,(676) 499-3700,mioha@helkolce.bm,Female,1911 Zehoh Avenue,TRUE
2022-09-12,C0553058519136,Ruth,Andrews,(329) 925-5742,pemeike@monaver.at,Male,1698 Hihud Parkway,TRUE
2022-09-12,C0521896408948,Millie,Powers,(849) 338-5605,cakruj@gego.bz,Male,994 Asuet Avenue,TRUE
2022-09-12,C0533313505612,Herman,Singleton,(838) 370-6494,cucfah@rotwiwum.com,Male,250 Wemo Path,TRUE
2022-09-12,C0592399976736,Mollie,Vasquez,(819) 466-3609,gar@duhruzer.cn,Female,762 Fije Boulevard,TRUE
2022-09-12,C0587277144424,Sue,Newton,(882) 717-6656,lerpu@segnuk.ge,Male,1222 Tanuk Court,TRUE
2022-09-12,C0549456106048,Donald,Larson,(317) 410-6080,na@tosuz.bf,Male,1709 Padu Avenue,TRUE
2022-09-12,C0548468492260,Janie,Sanchez,(220) 207-2075,pev@mokiv.re,Female,608 Guod Road,TRUE
2022-09-12,C0533330017136,David,McGuire,(424) 490-8800,ritzuuj@loki.bo,Male,1972 Moje Lane,TRUE
2022-09-12,C0545739805160,Christopher,Scott,(737) 633-5218,werfa@efo.ch,Female,1554 Rewor Manor,TRUE
2022-09-12,C0574755924260,Mabelle,Schmidt,(435) 584-2650,gapfotbed@wowig.dk,Female,999 Migju Grove,TRUE
2022-09-12,C0561127734360,Christine,Newton,(345) 995-6300,corta@dumu.cm,Female,439 Afece Manor,TRUE
2022-09-12,C0599517431760,Victoria,Washington,(808) 253-4932,vem@cedki.gg,Male,165 Zobhe Path,TRUE
2022-09-12,C0563174906660,Belle,Price,(424) 563-4156,be@joc.er,Female,1898 Gimiz Court,TRUE
2022-09-12,C0512978379648,Caroline,Ellis,(270) 540-9576,fof@asfi.bn,Female,337 Tolkup Place,TRUE
2022-09-12,C0548386797236,Birdie,Strickland,(548) 786-5002,vi@zasa.pg,Female,1954 Giwefi Heights,TRUE
2022-09-12,C0522282351960,Cynthia,Simon,(307) 772-9248,recaet@sizgere.cm,Male,1787 Luzo Extension,TRUE
2022-09-12,C0585850831324,Timothy,Atkins,(426) 418-1949,me@igfu.hn,Female,16 Odewo Court,TRUE
2022-09-12,C0572146127924,Sallie,Poole,(748) 799-3279,ecmiir@hedwa.gm,Female,1558 Cozo Loop,TRUE
2022-09-12,C0553610783760,Tommy,Alexander,(769) 987-6020,licbob@gu.bv,Male,1892 Zewat Avenue,TRUE
2022-09-12,C0598576411048,Barry,Dixon,(748) 423-4537,uruka@ina.ro,Female,1272 Azeha Circle,TRUE
2022-09-12,C0546697530548,Jessie,Kennedy,(209) 419-8600,gaw@utizaf.fk,Male,1616 Onawi Square,TRUE
2022-09-12,C0517067234048,Ricky,Cohen,(650) 238-5376,suj@eliwi.gh,Male,1730 Souwe Parkway,TRUE
2022-09-12,C0548078076848,Stanley,Little,(259) 713-2229,ni@movbarseg.co.uk,Female,293 Coduj Center,TRUE
2022-09-12,C0598415147860,Leila,Jensen,(811) 279-2093,la@bukaoro.gp,Male,1915 Eritiv Ridge,TRUE
2022-09-12,C0577308022036,Cynthia,Norris,(823) 889-1835,gulfit@heuveter.pl,Female,1711 Zevev Mill,TRUE
2022-09-12,C0530868741636,George,Boyd,(624) 826-8846,saz@da.ac,Male,1911 Zicur Glen,TRUE
2022-09-12,C0586119368036,Jayden,Richardson,(277) 695-1901,aso@nob.ml,Female,1009 Rapah View,TRUE
2022-09-12,C0582694383336,Hilda,Weber,(840) 249-2187,do@epouzage.fj,Male,493 Ketjej Pike,TRUE
2022-09-12,C0572077941560,Sarah,McCarthy,(316) 240-6039,wirrasin@niwsel.co,Male,497 Wepne Glen,TRUE
2022-09-12,C0553810870936,Warren,Lopez,(622) 227-9189,ikjodgob@poirokot.na,Male,255 Jefzam Extension,TRUE
2022-09-12,C0553529945924,Chad,Crawford,(312) 678-6042,jelom@da.gb,Female,272 Uszif Turnpike,TRUE
2022-09-12,C0535924784912,Theresa,Hughes,(709) 549-4503,madvis@rewi.mu,Male,1526 Vipu Park,TRUE
2022-09-12,C0597802516060,Katherine,Berry,(869) 270-9589,ta@navbes.nl,Male,1721 Heri Place,TRUE
2022-09-12,C0569008021824,Brandon,Richardson,(950) 389-3892,cegkem@jawvus.gd,Male,802 Tapo Pike,TRUE
2022-09-12,C0558285596812,Caleb,Joseph,(962) 554-3800,ote@epfiswan.ls,Male,1722 Cezazu Point,TRUE
2022-09-12,C0527048651236,Alberta,Newman,(742) 327-5547,edihfam@cosfikal.bg,Male,621 Nikeki Highway,TRUE
2022-09-12,C0570689867536,Ronald,Hanson,(828) 724-9934,cook@ro.gy,Male,366 Kepo Park,TRUE
2022-09-12,C0595345435560,Grace,Mendez,(906) 241-8516,zugu@kihvinoci.io,Male,1161 Peha Way,TRUE
2022-09-12,C0549369052424,Alan,Carr,(404) 648-1516,vil@hibvilwu.pt,Male,1480 Awasa Square,TRUE
2022-09-12,C0568212744336,Virginia,Cross,(824) 760-5094,iditane@lowlaceb.sg,Male,203 Fakjib Pass,TRUE
2022-09-12,C0560644423112,Christopher,Hayes,(729) 728-8965,ri@nuhwi.si,Male,178 Jeja Boulevard,TRUE
2022-09-12,C0599299091248,Fannie,Rios,(334) 462-2108,va@adnoeti.sm,Male,634 Jaak Way,TRUE
2022-09-12,C0599621662060,Ethan,Osborne,(919) 946-8908,hes@jo.np,Female,684 Dewwi Mill,TRUE
2022-09-12,C0592890396936,Melvin,Murray,(219) 654-6977,cuopuuv@si.br,Male,1034 Dacug Square,TRUE
2022-09-12,C0594535416748,Terry,Austin,(236) 441-8516,lu@so.sx,Female,95 Ijgu Plaza,TRUE
2022-09-12,C0515294352936,Caleb,Ball,(929) 775-2100,unme@bimhij.lt,Male,897 Mupuz Park,TRUE
2022-09-12,C0564695660336,Mason,Manning,(748) 394-7953,puz@ve.kn,Male,1149 Emba Square,TRUE
2022-09-12,C0538697567748,Inez,Barrett,(653) 874-2013,atkaj@nomuli.ax,Female,1971 Nolfad Heights,TRUE
2022-09-12,C0556765071924,Susie,Allen,(329) 691-7618,polmarun@va.sd,Female,1990 Wuoj Pike,TRUE
2022-09-12,C0579465537736,Seth,King,(541) 786-6826,habinozop@gamo.ie,Male,1770 Ugagu Street,TRUE
2022-09-12,C0540876838260,Jeffery,Bryan,(957) 936-9198,lak@je.cn,Male,1469 Noci Avenue,TRUE
2022-09-12,C0565637651560,May,Peters,(873) 302-1741,beic@ivzuhi.bf,Male,622 Bisu Parkway,TRUE
2022-09-12,C0539211178960,Bryan,Poole,(355) 722-9254,do@wermus.cg,Female,241 Kese Lane,TRUE
2022-09-12,C0539345815736,Abbie,Nunez,(833) 656-9216,roso@nabudar.za,Female,1722 Monkib Junction,TRUE
2022-09-12,C0532753961524,Don,Estrada,(452) 975-9716,teez@ogkimrod.cy,Male,371 Gutom Point,TRUE
2022-09-12,C0569328383924,Fanny,Snyder,(877) 927-2879,miror@juwte.gu,Male,1272 Fuemu Square,TRUE
2022-09-12,C0534546663448,Lura,Aguilar,(958) 311-1843,ribufe@mimud.me,Female,976 Juwid Ridge,TRUE
2022-09-12,C0590325942124,Myrtie,Davidson,(426) 382-9864,rupevpa@nudroh.ng,Female,981 Nevab Circle,TRUE
2022-09-12,C0527235878524,Tommy,Lawson,(382) 582-8480,hele@dikop.eg,Male,825 Susa Circle,TRUE
2022-09-12,C0586926937048,Jonathan,Rodriguez,(718) 444-8943,atgej@fe.td,Female,850 Juka Terrace,TRUE
2022-09-12,C0554845323460,Charles,Curry,(673) 804-7568,rujwot@ziwiwa.vg,Female,1517 Uheba Heights,TRUE
2022-09-12,C0539968624312,Fannie,Carroll,(487) 663-8707,hifig@uko.bz,Female,218 Gobtud Way,TRUE
2022-09-12,C0574578612260,Francis,George,(446) 301-4761,siwe@dutoc.kn,Male,888 Nukaj Glen,TRUE
2022-09-12,C0556814676724,Ellen,Wolfe,(261) 300-8097,finfilceg@vi.tj,Female,1457 Reset River,TRUE
2022-09-12,C0590626144836,Bill,Gregory,(985) 493-2316,boen@ruwim.bs,Male,1561 Bazifu Key,TRUE
2022-09-12,C0563444523724,Hallie,Fletcher,(654) 665-8720,coscejav@ragpokuk.mm,Female,872 Demmud Drive,TRUE
2022-09-12,C0537065643460,Roger,Zimmerman,(741) 970-1107,wajce@lik.it,Female,627 Vadi Pike,TRUE
2022-09-12,C0548495678924,Lucile,Griffin,(367) 709-3313,bijo@dirpul.lu,Male,498 Eziwet Junction,TRUE
2022-09-12,C0518148665548,Maggie,Wallace,(780) 847-4627,ribkese@evovowvoj.sc,Female,1746 Igali Path,TRUE
2022-09-12,C0576637405848,Victoria,Schneider,(307) 301-1502,hivocov@zu.gq,Male,1861 Socle Street,TRUE
2022-09-12,C0520131216224,Bessie,Cunningham,(651) 809-8880,zaddezsus@wuf.gg,Male,12 Ruif Avenue,TRUE
2022-09-12,C0552986721348,Ricky,Beck,(455) 856-8653,mulen@lohvat.la,Female,1223 Muoca Place,TRUE
2022-09-12,C0533216899160,Maggie,Lawson,(236) 929-9252,bude@haobi.tf,Male,706 Egelor Mill,TRUE
2022-09-12,C0560868574524,Emilie,Bowman,(642) 588-1865,viug@kip.gq,Female,567 Kemven Junction,TRUE
2022-09-12,C0596028752636,Birdie,Willis,(450) 636-6574,vobaze@do.li,Female,1998 Ippiw Square,TRUE
2022-09-12,C0551202586748,Maude,Nguyen,(824) 907-9467,daz@dilu.am,Male,1473 Zerazu Circle,TRUE
2022-09-12,C0546935125548,Randy,Schmidt,(654) 731-2394,fucirvi@calkizgar.mv,Male,1584 Zudpon Path,TRUE
2022-09-12,C0596539564160,Iva,Stokes,(702) 389-7035,calsocnu@agagik.kz,Female,1186 Fakop Ridge,TRUE
2022-09-12,C0549635579136,Troy,Fuller,(857) 613-6385,pu@bu.gl,Male,1031 Udumaz Plaza,TRUE
2022-09-12,C0527153906948,Dean,Lambert,(229) 317-5419,los@pebag.br,Female,59 Olar Court,TRUE
2022-09-12,C0589130741936,Hallie,Wise,(624) 808-1655,fopiibe@zovot.cg,Male,1226 Cajkah Key,TRUE
2022-09-12,C0561947900924,Aaron,Keller,(270) 976-6715,cu@pano.eh,Male,659 Lumem Junction,TRUE
2022-09-12,C0594536643748,Olga,Walters,(619) 804-5986,lomipip@nosorivec.de,Female,1572 Emta Street,TRUE
2022-09-12,C0573942964960,Ivan,Pratt,(301) 665-5566,vopace@vi.pe,Female,1318 Goji Center,TRUE
2022-09-12,C0585146795636,Donald,Hammond,(833) 784-9936,be@ga.cl,Female,867 Jumwud Road,TRUE
2022-09-12,C0537494911748,Ricky,Poole,(814) 570-9766,gacpeanu@zugujokac.af,Male,525 Wage Square,TRUE
2022-09-12,C0599344921612,Cameron,Banks,(513) 889-1679,ko@la.cr,Female,825 Nagu Square,TRUE
2022-09-12,C0531460375024,Charlie,Boone,(680) 737-8141,dos@atkerad.ad,Male,1859 Rokiv Key,TRUE
2022-09-12,C0535362001660,Celia,Coleman,(808) 332-2400,uvsar@fofabhu.hu,Male,1339 Habkam Pass,TRUE
2022-09-12,C0564553497824,Stanley,Buchanan,(215) 735-1705,zuhon@zubehuku.do,Female,1901 Hapo Mill,TRUE
2022-09-12,C0542390444136,Willie,Hogan,(248) 695-8861,fesijfek@reten.sr,Female,376 Bedo Point,TRUE
2022-09-12,C0559606526124,Harry,Warren,(283) 699-5858,dodsuehu@amhig.fr,Male,483 Modu Lane,TRUE
2022-09-12,C0586209202148,Jayden,Rios,(239) 433-7449,mipkam@cawit.ma,Male,627 Wicib Park,TRUE
2022-09-12,C0552916904348,Clara,Ray,(226) 884-3323,mo@ij.no,Male,1026 Ruhi Manor,TRUE
2022-09-12,C0599434666060,Susan,Harvey,(436) 514-3998,ret@me.org,Female,772 Punace Street,TRUE
2022-09-12,C0517818973360,Madge,Schwartz,(612) 361-5261,nizave@gicjejla.is,Female,1100 Pafil Parkway,TRUE
2022-09-12,C0585008321324,Alvin,Santiago,(611) 732-9319,fohpe@da.nc,Male,1793 Muga Pass,TRUE
2022-09-12,C0542897301360,Chad,Torres,(228) 406-5229,vipisde@gap.ms,Male,1607 Loef Boulevard,TRUE
2022-09-12,C0535921389236,Herbert,Medina,(386) 728-2101,rion@hipecgu.ht,Male,661 Ligan River,TRUE
2022-09-12,C0545290081136,Derrick,Moody,(819) 656-1655,mevijo@udfaz.wf,Male,942 Najam Turnpike,TRUE
2022-09-12,C0529682751960,Rebecca,Roberson,(578) 221-3847,ase@urucosuh.eg,Female,1740 Enuval Street,TRUE
2022-09-12,C0546765165424,Eugene,Tran,(486) 528-1939,ne@teh.mm,Male,1610 Seta Pass,TRUE
2022-09-12,C0577068356036,Ronnie,Parker,(217) 247-5305,aje@loujrin.sc,Male,1152 Apevu View,TRUE
2022-09-12,C0565958312424,Russell,Coleman,(748) 663-8529,lo@zepage.bd,Male,13 Sebnel Turnpike,TRUE
2022-09-12,C0575335920812,Bradley,Bush,(405) 827-3167,bib@pasimdez.cz,Female,80 Kikcuw Terrace,TRUE
2022-09-12,C0531492255012,Lloyd,Coleman,(526) 622-3901,jat@dog.je,Male,630 Gatud River,TRUE
2022-09-12,C0598312680224,Gary,Lynch,(726) 312-4294,ugenoen@na.tc,Female,1808 Nawes Boulevard,TRUE
2022-09-12,C0568835356160,Lee,Long,(911) 349-4815,vaw@rafan.im,Female,1335 Lomo Grove,TRUE
2022-09-12,C0597899912924,Bessie,Bennett,(214) 520-7943,pem@seal.ee,Female,672 Detom Key,TRUE
2022-09-12,C0530659778136,Andrew,Francis,(830) 630-4865,ojiob@mur.my,Male,1359 Fefjiw Circle,TRUE
2022-09-12,C0556126164336,Norman,Baldwin,(987) 272-1264,iki@polugder.sj,Male,1525 Bemuk Avenue,TRUE
2022-09-12,C0515248450836,Sara,Bennett,(710) 524-6163,ewite@ujbuda.mn,Male,324 Wawfo View,TRUE
2022-09-12,C0561623101024,Marian,Brooks,(852) 536-1882,va@hofedud.gq,Male,1974 Jutzug Street,TRUE
2022-09-12,C0548592764448,Ernest,Gomez,(880) 215-3660,magamidoj@gujriob.cn,Female,1166 Esiotu Loop,TRUE
2022-09-12,C0575612099748,Delia,Zimmerman,(247) 341-5590,vi@goh.td,Male,234 Cawza Loop,TRUE
2022-09-12,C0553730137160,Charles,Shaw,(345) 761-6913,vebojrep@gir.sa,Male,844 Mofkid View,TRUE
2022-09-12,C0577135343660,Rosa,Perry,(444) 971-5997,pohipvuj@dojjo.kw,Male,1348 Koohe Court,TRUE
2022-09-12,C0514966947460,Hannah,Nunez,(221) 457-2546,weksuw@pet.gy,Female,1719 Irfi Drive,TRUE
2022-09-12,C0552649596036,Richard,Davidson,(934) 358-2787,kofap@tukallic.pm,Female,1838 Isve Path,TRUE
2022-09-12,C0590953516348,Ola,Rogers,(747) 730-9873,feino@firkiv.sj,Male,75 Pozig Circle,TRUE
2022-09-12,C0530553981924,Lora,Rios,(324) 206-6476,hinloz@pogi.gq,Male,209 Idmun Glen,TRUE
2022-09-12,C0593196566124,Glen,Lowe,(648) 503-8319,zezkil@ne.hu,Female,1388 Asce Park,TRUE
2022-09-12,C0563292074224,Erik,Turner,(462) 824-8459,se@eb.nf,Female,1852 Numdeb View,TRUE
2022-09-12,C0533612683324,Beulah,Maxwell,(411) 988-9122,sozo@narberki.ad,Male,324 Oborid Boulevard,TRUE
2022-09-12,C0565392006560,Chester,Morris,(284) 616-2700,zuzo@wab.bs,Female,660 Akvit Lane,TRUE
2022-09-12,C0541341476948,Kenneth,Bush,(344) 832-6134,cucaji@ruc.mt,Male,52 Lancin Center,TRUE
2022-09-12,C0572423283260,Nannie,Rose,(781) 497-3125,difawfeg@po.vu,Male,1848 Numtuj Court,TRUE
2022-09-12,C0514465334260,Olivia,Curry,(407) 659-7590,romane@gawi.ma,Female,192 Gonob Street,TRUE
2022-09-12,C0576327446360,Irene,Blair,(705) 494-7674,avru@vabaj.ag,Female,497 Ticer River,TRUE
2022-09-12,C0519130444260,Larry,Lucas,(761) 333-3238,rokiogi@bu.ml,Female,1619 Pouhe Mill,TRUE
2022-09-12,C0573477555360,Amy,Cain,(223) 532-3985,jidvam@dupdu.ht,Male,31 Ukanem Place,TRUE
2022-09-12,C0534722044024,Lucas,Roberson,(848) 880-6302,ugnor@bieno.il,Female,637 Davim Road,TRUE
2022-09-12,C0589957535924,Rosa,Frazier,(506) 654-4762,vuhu@vukhegih.gov,Female,1265 Vitjow Plaza,TRUE
2022-09-12,C0511431279548,Lucy,Douglas,(359) 940-1156,riehe@ewew.uz,Female,1342 Ohucuf Glen,TRUE
2022-09-12,C0575918822848,Dean,Jones,(350) 614-1821,li@saguved.eg,Female,78 Zenbo Street,TRUE
2022-09-12,C0563180964060,Harriet,Little,(802) 775-7471,ceuti@rof.de,Female,54 Ijodog Pike,TRUE
2022-09-12,C0520994168860,Carlos,Warner,(577) 718-9169,totaf@va.sk,Male,25 Urhu Place,TRUE
2022-09-12,C0534141445160,Oscar,Sandoval,(514) 735-5390,bub@wiksagan.bn,Female,149 Gone Highway,TRUE
2022-09-12,C0512369617736,Angel,Evans,(723) 550-5613,ese@ufikabop.bi,Male,1392 Japu Highway,TRUE
2022-09-12,C0534256076612,Isabel,Lewis,(461) 689-8404,huvpif@li.at,Female,1849 Loak Loop,TRUE
2022-09-12,C0597561878136,Lula,Wong,(216) 953-4283,nunfos@saga.su,Female,1910 Hisgit Key,TRUE
2022-09-12,C0540467583424,Aiden,Vega,(680) 331-3799,bevedper@zorup.je,Male,1303 Sawed River,TRUE
2022-09-12,C0548310450548,Ivan,Yates,(482) 906-3203,ravol@micilomut.si,Female,1304 Ohvaf Manor,TRUE
2022-09-12,C0545558120248,Lura,Murphy,(751) 771-4543,imkad@zup.va,Male,1896 Ocisov Place,TRUE
2022-09-12,C0598689632036,Joseph,Ramirez,(551) 257-2764,pujit@zatowilij.fk,Male,1244 Dupuk River,TRUE
2022-09-12,C0594767099160,Amanda,Nunez,(320) 842-1694,ke@pegu.nu,Male,380 Jilal Grove,TRUE
2022-09-12,C0588792819460,Della,Graham,(875) 234-1217,wo@ivadewuh.bz,Female,1044 Naura Mill,TRUE
2022-09-12,C0597738217760,Hilda,Byrd,(482) 346-5420,unujebeh@magesfo.gg,Female,32 Uhiv Trail,TRUE
2022-09-12,C0584720682424,Lawrence,Davidson,(203) 454-1120,aseja@tu.nr,Male,1943 Tafwo Path,TRUE
2022-09-12,C0546713850224,Myra,McDaniel,(778) 913-5970,ikzaw@kusjili.ge,Female,1466 Apagoh Mill,TRUE
2022-09-12,C0523558451460,Ricky,Hall,(368) 837-4671,gutofeh@colaolu.km,Female,1808 Raote Ridge,TRUE
2022-09-12,C0544662061560,Nancy,Bass,(447) 926-3961,ikeritu@fevlani.ml,Male,1213 Somsoh Mill,TRUE
2022-09-12,C0563680431060,Eugene,Boone,(746) 721-1100,lagret@coab.eh,Female,274 Uzlos Pass,TRUE
2022-09-12,C0535101224624,Ethan,Hawkins,(514) 787-5798,lof@vowokiub.ge,Male,1575 Ducev Glen,TRUE
2022-09-12,C0521449223460,Bradley,McBride,(803) 288-4277,pe@guuheba.tr,Female,947 Furfik Key,TRUE
2022-09-12,C0529310717424,Myrtie,Barber,(878) 628-2604,eho@dum.cy,Female,1664 Vuri Road,TRUE
2022-09-12,C0533931866024,Myra,Cortez,(723) 559-9886,ej@haiwidi.uk,Female,545 Gawseh Drive,TRUE
2022-09-12,C0514531800260,Alexander,Spencer,(707) 523-9201,et@codvaal.si,Male,319 Lusco Place,TRUE
2022-09-12,C0528002477960,Ian,Maxwell,(586) 620-3231,hepuus@wabuf.na,Female,189 Hauhi Plaza,TRUE
2022-09-12,C0570438231336,Ethan,Kim,(861) 667-7435,do@wuoja.cc,Female,1468 Teckuk Plaza,TRUE
2022-09-12,C0595682101760,Matthew,Pittman,(913) 430-2460,apepu@jimtimuv.fk,Male,1869 Owku Heights,TRUE
2022-09-12,C0590919125460,Bessie,Scott,(358) 463-3913,zuka@bisijhob.cd,Male,629 Zuni Pass,TRUE
2022-09-12,C0591217604024,Hettie,Turner,(936) 979-4115,lejnurhes@ful.mh,Male,445 Unbo Lane,TRUE
2022-09-12,C0593933009660,Chris,Cannon,(420) 375-2198,gepnejco@azenadce.sz,Female,1678 Suol Square,TRUE
2022-09-12,C0572771905436,Earl,Fitzgerald,(871) 799-1143,haret@il.na,Female,1839 Gutjo Glen,TRUE
2022-09-12,C0593560876948,Allie,Fields,(510) 861-4241,fefkiva@lagis.th,Male,151 Lewbej Center,TRUE
2022-09-12,C0522705873836,Lucinda,Strickland,(981) 301-5689,lafuj@jeera.ua,Female,608 Dege Extension,TRUE
2022-09-12,C0570432372736,Augusta,Figueroa,(482) 610-9929,kijbuceni@onigavu.pk,Female,178 Wihuk Boulevard,TRUE
2022-09-12,C0585708051624,Marian,Terry,(469) 343-9969,rohe@ega.dz,Male,113 Jawfut River,TRUE
2022-09-12,C0574103484536,Jennie,Diaz,(347) 304-3049,ar@kebu.ua,Female,1367 Veje View,TRUE
2022-09-12,C0551869466836,Maude,Crawford,(382) 478-7818,puukijo@dutoveg.ck,Female,811 Nagut Grove,TRUE
2022-09-12,C0567802012436,George,Gonzales,(414) 248-8187,bahac@tumleke.am,Male,345 Seacu Center,TRUE
2022-09-12,C0590084985236,Mollie,Baker,(824) 961-5103,umu@kad.bo,Male,228 Kozid Drive,TRUE
2022-09-12,C0537420698348,Harvey,Webster,(342) 966-1566,amje@jabrolpij.to,Male,1407 Soawe Ridge,TRUE
2022-09-12,C0592541612936,Lucy,Diaz,(660) 318-5029,omiera@sukdapgu.gd,Female,745 Okji Grove,TRUE
2022-09-12,C0571905114060,Louisa,Sanders,(249) 538-6136,kegijeva@ivaba.me,Female,1862 Viva Park,TRUE
2022-09-12,C0544835164848,Ruby,Reese,(319) 220-6399,no@jife.zm,Male,422 Lawne Circle,TRUE
2022-09-12,C0553243321424,Alexander,Hoffman,(804) 701-5836,woj@map.eh,Male,1921 Kahi Mill,TRUE
2022-09-12,C0580006506736,Maud,Tucker,(847) 363-6228,rubaweg@vag.jm,Female,1152 Gudmi River,TRUE
2022-09-12,C0586633268348,Bertie,Ortega,(704) 690-9717,va@ifacedfuh.mt,Male,1379 Ramhef Trail,TRUE
2022-09-12,C0584151638348,Caroline,Woods,(646) 671-8702,howgira@ta.it,Male,834 Tanu Highway,TRUE
2022-09-12,C0557070045360,Mae,Griffith,(518) 610-2973,sewamru@siwogesa.vg,Female,1125 Icoej Mill,TRUE
2022-09-12,C0516767847360,Troy,Casey,(757) 843-8922,jig@gatmiova.tn,Male,246 Rewni Court,TRUE
2022-09-12,C0597735832960,Herbert,Mullins,(416) 602-9901,tut@anudo.th,Male,423 Vofmi Plaza,TRUE
2022-09-12,C0596214569036,Terry,Garza,(312) 910-4426,cosnempuc@makenak.nr,Female,1035 Joggi Road,TRUE
2022-09-12,C0562531667248,Frederick,Barker,(319) 780-8199,lotega@defugliz.mk,Female,752 Odueki Terrace,TRUE
2022-09-12,C0566180286524,Marc,Vasquez,(808) 378-3186,botvecas@gak.gp,Male,1784 Wiwgel Pike,TRUE
2022-09-12,C0582965754912,Gary,Cummings,(454) 855-8441,dacege@dim.am,Female,1789 Kaah Heights,TRUE
2022-09-12,C0514101059860,Wesley,Klein,(266) 325-7974,obu@lujehase.md,Male,912 Tibe Heights,TRUE
2022-09-12,C0556498683660,Steven,Miles,(262) 805-1704,moh@sajoj.su,Male,832 Tuco Highway,TRUE
2022-09-12,C0528979033124,Roxie,Allen,(620) 215-3237,bopaiv@ikalewi.tl,Female,1472 Avoudo Ridge,TRUE
2022-09-12,C0598134607960,Glenn,Flores,(273) 659-1641,gu@toriheju.bn,Female,1106 Cillu Road,TRUE
2022-09-12,C0565570365036,Nettie,Roberts,(243) 952-5525,riwmu@ad.ne,Female,1702 Umimu Point,TRUE
2022-09-12,C0573961363636,Flora,Pearson,(411) 663-5756,uz@rutigoz.kz,Female,868 Nuftag Highway,TRUE
2022-09-12,C0519003251260,Edwin,Brown,(874) 452-6429,jo@pit.tk,Male,1941 Wujji River,TRUE
2022-09-12,C0556879241360,Paul,McCarthy,(824) 807-2256,wetergo@ephur.gp,Female,1942 Furen Junction,TRUE
2022-09-12,C0520771295048,Mollie,Flowers,(445) 256-4805,uciwibe@puwe.eu,Male,148 Zifisu Drive,TRUE
2022-09-12,C0513055819760,Bernard,Jennings,(828) 710-8537,silzegod@tibaz.au,Male,38 Wolof Grove,TRUE
2022-09-12,C0565148118436,Philip,Johnston,(461) 379-1315,jo@ed.cz,Male,933 Redmi Street,TRUE
2022-09-12,C0567299778836,Hester,Underwood,(409) 318-8653,edi@uj.tv,Male,1679 Pufe Path,TRUE
2022-09-12,C0597227327748,Rachel,Frazier,(314) 224-4633,ovgofe@vuhgegub.fm,Male,1086 Zewnu Glen,TRUE
2022-09-12,C0557440883136,Gussie,Hubbard,(608) 966-8098,erpi@wuphon.ps,Male,644 Dati Terrace,TRUE
2022-09-12,C0543646770648,Thomas,Flowers,(666) 799-8644,av@bogfief.tr,Male,885 Ectu Pass,TRUE
2022-09-12,C0564622281412,Adam,Yates,(207) 541-5150,wudem@cab.lv,Male,187 Kodje Turnpike,TRUE
2022-09-12,C0545304596312,Charlie,Adams,(436) 374-9306,kanof@objet.sa,Male,1182 Lace Ridge,TRUE
2022-09-12,C0537273398724,Douglas,Larson,(534) 280-4305,wecminid@etzud.tr,Female,301 Ihieb Grove,TRUE
2022-09-12,C0576898326636,Edward,Erickson,(561) 474-7240,je@unzegoh.ca,Female,558 Uhmi Park,TRUE
2022-09-12,C0516515660048,Lora,Williamson,(835) 468-5351,genci@be.mw,Female,570 Irauju Drive,TRUE
2022-09-12,C0534510872336,Edith,Price,(614) 758-8685,agtonuh@fipziwaj.td,Female,1561 Rovdim Grove,TRUE
2022-09-12,C0532845262724,Nancy,Dennis,(869) 462-7754,ub@kotades.np,Female,1026 Neoho Parkway,TRUE
2022-09-12,C0585515140836,Lettie,Nelson,(427) 725-7628,ko@pajzi.il,Female,904 Etora Way,TRUE
2022-09-12,C0544500446160,Bryan,Carson,(625) 542-9888,arkefur@gowiffi.sd,Female,330 Daga Square,TRUE
2022-09-12,C0581726005348,Maurice,Clayton,(908) 975-5785,kuvlemmuh@id.re,Female,1154 Mistac Manor,TRUE
2022-09-12,C0593047315748,Cora,Foster,(976) 406-2434,ekalta@rigpig.vg,Female,1707 Esofe Square,TRUE
2022-09-12,C0585541029524,Derek,Mack,(304) 976-5455,ruecdiw@woc.uk,Female,461 Veji Heights,TRUE
2022-09-12,C0592170168948,Anthony,Brown,(856) 630-4067,wawuc@su.cw,Male,1813 Afsu Glen,TRUE
2022-09-12,C0519226850160,Lee,Harris,(830) 214-2562,bozoz@em.lt,Female,1815 Evreg Mill,TRUE
2022-09-12,C0531910847124,Catherine,Banks,(937) 823-7222,nigajcam@jeuciaz.bz,Male,45 Rabis Terrace,TRUE
2022-09-12,C0552854549160,Roxie,Lamb,(377) 628-1903,eke@zorje.no,Female,567 Emiji Drive,TRUE
2022-09-12,C0574180711060,Mabelle,Mitchell,(629) 754-3499,aj@baip.sc,Female,455 Tiro Loop,TRUE
2022-09-12,C0516451102760,Anne,Oliver,(639) 607-3596,iwmo@apuji.ba,Male,1223 Zodoz River,TRUE
2022-09-12,C0516963374824,Louis,West,(265) 557-6754,hibabi@mowu.ne,Female,49 Temnej Lane,TRUE
2022-09-12,C0568572031460,Douglas,Crawford,(309) 410-6092,dosu@ewaw.tw,Female,985 Wofo Key,TRUE
2022-09-12,C0518875517012,Margaret,Reese,(678) 901-2016,ke@fihume.cl,Male,1539 Bahir Terrace,TRUE
2022-09-12,C0515812003836,Lura,Powell,(755) 726-9098,soef@vabpolo.fm,Male,1579 Bihve Plaza,TRUE
2022-09-12,C0524707563660,Lillian,Lopez,(565) 997-2416,mulnomme@oribat.do,Male,1867 Gahim River,TRUE
2022-09-12,C0526065371360,Bradley,Lucas,(583) 353-5993,mimaj@us.vg,Male,1591 Vukla Junction,TRUE
2022-09-12,C0555182419448,Lura,Santos,(379) 801-7166,rokofnap@ekefib.pr,Female,1774 Kuwi Path,TRUE
2022-09-12,C0555321416036,Dustin,Zimmerman,(366) 307-1928,musafo@megoka.yt,Female,1267 Epcor Drive,TRUE
2022-09-12,C0567636448848,Elizabeth,Doyle,(255) 651-6849,ko@vunin.io,Male,1438 Osid Lane,TRUE
2022-09-12,C0556784355560,Katie,Harvey,(727) 977-1826,igourevo@laaje.sk,Male,687 Getpok Way,TRUE
2022-09-12,C0551977101936,Sadie,Washington,(214) 430-9075,fej@ed.si,Male,84 Dolnih Manor,TRUE
2022-09-12,C0580381696424,Elnora,Bradley,(274) 633-4104,poj@te.er,Female,163 Jorcu Pass,TRUE
2022-09-12,C0546830553160,Johnny,Craig,(371) 341-4665,we@veviudo.mk,Male,1322 Adeve Manor,TRUE
2022-09-12,C0518769110648,Loretta,Adams,(981) 310-7549,olofhe@alo.io,Female,864 Jolag Loop,TRUE
2022-09-12,C0567510997836,Bertha,Fowler,(771) 369-3547,tisil@hegsa.am,Female,1818 Noelu Highway,TRUE
2022-09-12,C0577858130548,Charles,Quinn,(857) 729-5217,becvapet@iswilin.lr,Female,329 Mujzet Path,TRUE
2022-09-12,C0585767836712,Bertie,Newton,(766) 959-4412,jupi@bifircuz.ie,Male,799 Sojkaf Mill,TRUE
2022-09-12,C0549963614260,Kathryn,Douglas,(672) 556-8054,ho@otaufri.ad,Male,32 Ebeje Grove,TRUE
2022-09-12,C0572404529024,Matilda,Stanley,(244) 480-2213,cajapli@azwo.be,Male,812 Udba Circle,TRUE
2022-09-12,C0575236638260,Howard,Rowe,(714) 643-9815,zi@obu.kh,Male,366 Putduv Pike,TRUE
2022-09-12,C0592363782160,George,Mack,(262) 911-8816,oli@goejiwuh.nz,Male,1529 Povas Junction,TRUE
2022-09-12,C0521494773760,Lewis,Jimenez,(915) 703-1419,peh@cup.jo,Male,875 Nivbi Drive,TRUE
2022-09-12,C0571048903624,Ella,Martin,(524) 709-4719,ud@vuh.hk,Male,1313 Ripa Point,TRUE
2022-09-12,C0564277263536,Cynthia,Lucas,(978) 223-2340,mo@gedzuj.gn,Male,1965 Onjek Manor,TRUE
2022-09-12,C0599262845248,Lucas,Miller,(417) 314-8905,nuvav@awlam.it,Male,502 Fiem Road,TRUE
2022-09-12,C0598553479148,Leila,Garner,(618) 995-5637,je@wu.org,Male,1111 Gamda Key,TRUE
2022-09-12,C0547920680436,Katie,Larson,(412) 266-3969,mem@uho.kg,Female,872 Huca Key,TRUE
2022-09-12,C0554864474160,Alfred,Fitzgerald,(906) 791-9205,aca@ek.ma,Female,517 Menpa Parkway,TRUE
2022-09-12,C0599815456624,Eleanor,Stanley,(580) 615-1842,tuhri@apigi.nr,Female,1748 Cagefo Circle,TRUE
2022-09-12,C0548261269860,Eva,Rios,(276) 852-1036,tuhpawodi@pethez.cz,Female,547 Tecad Key,TRUE
2022-09-12,C0520003246424,Aaron,Hawkins,(579) 569-2975,ugbom@peha.wf,Male,452 Wevrud Drive,TRUE
2022-09-12,C0542155244748,Ernest,Gonzales,(738) 222-4071,sifinesul@wuzcik.pm,Female,249 Votbes Key,TRUE
2022-09-12,C0534428433260,Gilbert,Brooks,(221) 807-8433,rucerjop@kuro.ca,Male,1591 Rujon Key,TRUE
2022-09-12,C0564729236760,Mike,May,(857) 237-7624,wufmevi@lera.sl,Male,848 Boera Grove,TRUE
2022-09-12,C0536778622136,Bruce,Andrews,(836) 961-3087,so@ava.rw,Female,1899 Coti Manor,TRUE
2022-09-12,C0583314805336,Iva,Curtis,(776) 268-6531,rizap@vejo.ga,Male,1280 Wirfi Mill,TRUE
2022-09-12,C0573029834148,Randy,Fuller,(488) 824-3004,jahsor@ektetu.cv,Male,106 Sicaci Place,TRUE
2022-09-12,C0585781508824,Lilly,Newton,(247) 940-7003,ilabok@tuezci.kh,Female,622 Anhad Place,TRUE
2022-09-12,C0555549263636,Jackson,Carter,(281) 350-2277,as@ocukajze.sa,Male,1930 Sapve Square,TRUE
2022-09-12,C0534388638348,Cecilia,Harris,(288) 445-9202,wuso@ur.es,Male,180 Ezeha Heights,TRUE
2022-09-12,C0594227244212,Johnny,Jacobs,(956) 864-1844,douri@fuglom.mk,Female,1786 Vowhe Boulevard,TRUE
2022-09-12,C0534106734860,Henrietta,Rhodes,(273) 413-4970,voub@wuawezoz.mp,Male,1939 Zepo Drive,TRUE
2022-09-12,C0555405376424,Mina,Curtis,(449) 952-7930,jopo@di.fj,Female,1330 Saze Plaza,TRUE
2022-09-12,C0533695546636,Daniel,McKinney,(830) 830-1951,caohhan@walaj.mh,Female,1429 Wafed Loop,TRUE
2022-09-12,C0542173721224,Kenneth,Robinson,(858) 312-7252,datotji@gien.pa,Male,323 Sucza Key,TRUE
2022-09-12,C0515070754424,Maude,Howell,(213) 335-4367,jugo@noj.lr,Female,1651 Sizse Junction,TRUE
2022-09-12,C0554784654360,Lilly,Robertson,(563) 718-4720,girbet@nohpov.to,Male,1202 Ijkih Glen,TRUE
2022-09-12,C0548665407560,Adeline,Miles,(984) 290-1058,utuora@aw.ye,Female,1392 Evzi Manor,TRUE
2022-09-12,C0526975262548,Adam,Murphy,(437) 592-8877,kosaz@vo.kp,Male,1638 Ulred Place,TRUE
2022-09-12,C0512886249036,Ricardo,Dean,(766) 930-9938,tam@cuhosa.az,Male,1628 Jovur Road,TRUE
2022-09-12,C0587283497536,Marion,Lyons,(239) 302-9908,nowsoble@zit.fk,Female,1605 Cuswet Center,TRUE
2022-09-12,C0533009091348,Nicholas,Hammond,(932) 968-2287,ve@durrawlu.si,Female,989 Afohah Parkway,TRUE
2022-09-12,C0548726358048,Ada,Carlson,(352) 712-4821,dimo@nebis.pk,Male,769 Atbi Avenue,TRUE
2022-09-12,C0576725526660,Luke,Parsons,(974) 514-1551,butco@wudfajan.cg,Male,1262 Silva Court,TRUE
2022-09-12,C0543015512360,Ann,Schultz,(563) 503-6348,ef@caizcaw.ps,Male,1889 Ehipa Lane,TRUE
2022-09-12,C0531462530860,Alice,Jefferson,(747) 885-4742,fen@gowresov.bw,Male,1039 Nucmas Point,TRUE
2022-09-12,C0555862565960,Sophie,Harmon,(980) 352-5173,rivicri@ipjiruj.rw,Male,799 Ojlu Street,TRUE
2022-09-12,C0536489220960,Etta,Nguyen,(229) 709-6986,afta@di.az,Male,1817 Hafke Point,TRUE
2022-09-12,C0588215980060,Craig,Frazier,(605) 882-1215,vaidu@kod.ws,Male,1645 Gufim Plaza,TRUE
2022-09-12,C0521219375512,Don,Gardner,(824) 754-4735,abe@luaz.lb,Female,1463 Linca Point,TRUE
2022-09-12,C0564364312712,Sarah,Gibson,(347) 945-7923,keokbov@epiveb.aw,Male,846 Pozot Glen,TRUE
2022-09-12,C0543515564124,Maud,Peterson,(584) 276-9469,siofwe@wafwapir.so,Female,807 Totho Path,TRUE
2022-09-12,C0557668861236,Pauline,Jacobs,(868) 387-2530,go@tutufu.je,Female,967 Arvi Key,TRUE
2022-09-12,C0581570363336,Jacob,Quinn,(969) 340-5209,iso@iko.ye,Male,963 Agedo Trail,TRUE
2022-09-12,C0528799685960,Eric,Gutierrez,(256) 698-8439,milice@dejimjak.mp,Male,298 Jape Avenue,TRUE
2022-09-12,C0573734002860,Anthony,Armstrong,(946) 895-7135,di@cu.ec,Female,233 Huvip Turnpike,TRUE
2022-09-12,C0588033066560,Francis,Ward,(500) 280-8197,cotih@tow.dj,Female,342 Nifkag Boulevard,TRUE
2022-09-12,C0511277621936,Jimmy,Horton,(210) 629-8351,dibzus@tablagu.sg,Female,339 Ebcu Drive,TRUE
2022-09-12,C0554360877760,Essie,Mullins,(438) 803-7026,ulmo@etnicsap.za,Female,1903 Bora Avenue,TRUE
2022-09-12,C0514125826512,Lenora,Wheeler,(514) 799-2499,aj@aksoen.sh,Female,1995 Iboget Point,TRUE
2022-09-12,C0574523526648,Vera,Holloway,(589) 647-8358,soc@bu.sm,Female,1743 Teflu Pass,TRUE
2022-09-12,C0582688610636,Owen,Lamb,(954) 791-3358,pomin@duod.pk,Female,1621 Tonbor Ridge,TRUE
2022-09-12,C0553940346948,Evelyn,Woods,(760) 450-5876,zubaeb@ibfinko.bw,Male,941 Imnej Road,TRUE
2022-09-12,C0562711120136,Christine,Estrada,(779) 964-4103,jasob@kozuda.it,Male,87 Tivpi Highway,TRUE
2022-09-12,C0544911814836,Andrew,Guzman,(632) 371-5443,voujomar@jacjiz.gu,Male,675 Faldej Junction,TRUE
2022-09-12,C0561765058736,Hannah,Hernandez,(304) 578-2331,cuabaot@riukezi.er,Male,24 Kuja Plaza,TRUE
2022-09-12,C0550158867660,Marian,Wilkins,(767) 784-1191,tubuco@funikaf.sc,Male,274 Woda Mill,TRUE
2022-09-12,C0539916261660,Phoebe,Silva,(568) 690-4170,imleber@jihgo.cy,Male,1089 Rozzil Drive,TRUE
2022-09-12,C0566823929336,Sophie,Harper,(547) 558-1513,newa@cu.us,Male,122 Mebrir Terrace,TRUE
2022-09-12,C0573617897524,Eugene,Riley,(219) 555-1501,lunu@pes.ax,Male,151 Puzug Place,TRUE
2022-09-12,C0537648446424,Jorge,Hunt,(504) 808-4441,he@iforop.no,Male,151 Wabum View,TRUE
2022-09-12,C0588377672036,Roy,Rivera,(484) 839-6611,pocmoze@hava.sd,Male,1870 Oncap Path,TRUE
2022-09-12,C0580437136160,Hulda,Goodwin,(417) 611-8429,suav@koet.si,Female,1348 Dosob Street,TRUE
2022-09-12,C0586073146524,Carl,Watts,(544) 551-6918,sacezog@zifot.lk,Male,365 Jewat Parkway,TRUE
2022-09-12,C0595291913948,Katharine,Collier,(827) 938-3171,toorbof@tifbu.ba,Female,1510 Jiwpuw Heights,TRUE
2022-09-12,C0582844182748,Esther,Ortiz,(275) 593-2113,kejazjod@umziiw.hm,Female,1292 Davci Path,TRUE
2022-09-12,C0529191434260,Elsie,Huff,(619) 509-7304,rugisro@puvizih.pl,Male,1785 Sitho Avenue,TRUE
2022-09-12,C0587846239660,Nathan,Price,(878) 994-4402,tas@sivjiba.uk,Female,1979 Ijodu Mill,TRUE
2022-09-12,C0564927740036,Francis,Johnson,(339) 248-5114,zugri@juk.nf,Male,1376 Fojfo Square,TRUE
2022-09-12,C0518664582736,Della,Hopkins,(511) 816-2647,eggaga@fa.gf,Female,331 Jinrac Drive,TRUE
2022-09-12,C0597853927560,Joseph,Alexander,(458) 403-5824,hunin@wonoh.re,Male,1569 Vozu Plaza,TRUE
2022-09-12,C0595409381936,Lina,Williamson,(818) 558-9295,vuzrum@biten.je,Male,1314 Huela Parkway,TRUE
2022-09-12,C0588480294360,Jordan,Jones,(300) 491-6707,to@vo.bw,Male,1907 Isica Heights,TRUE
2022-09-12,C0520480181460,Effie,Glover,(236) 839-4509,jewedzun@rihedovu.ky,Male,359 Cuiju Road,TRUE
2022-09-12,C0578108648360,Evelyn,Young,(701) 612-4114,de@nuda.nf,Female,1140 Vubuv Court,TRUE
2022-09-12,C0587262540160,Ronnie,Holt,(756) 874-2565,bacijo@neh.th,Male,856 Pawtu Drive,TRUE
2022-09-12,C0519085016848,Genevieve,Simpson,(413) 764-8561,mafpelza@ub.er,Female,1608 Lawaf Junction,TRUE
2022-09-12,C0586596716460,Nellie,Colon,(261) 639-7925,gu@tifonug.sc,Male,1711 Lejmo Pike,TRUE
2022-09-12,C0531210241236,Lillie,Baker,(429) 370-4202,nazot@wescahfuf.tl,Male,426 Ebicuz Path,TRUE
2022-09-12,C0566873653160,Rosetta,Lowe,(587) 241-6670,es@ge.to,Female,1445 Ripza Parkway,TRUE
2022-09-12,C0555265113660,Stella,Allen,(712) 575-9845,denvih@acuzew.gu,Female,1265 Orga Lane,TRUE
2022-09-12,C0528779300760,Beatrice,Cummings,(502) 427-8222,kej@ruto.mt,Female,830 Hubcar Way,TRUE
2022-09-12,C0542561738224,Gregory,Howard,(515) 365-5325,ejul@maldi.ky,Male,47 Fodug Point,TRUE
2022-09-12,C0594853863936,Addie,Marsh,(515) 422-6557,azfi@tuim.bq,Male,196 Feaf Manor,TRUE
2022-09-12,C0541448057548,Jerome,Barnett,(528) 845-7645,vobcor@nuglogsa.ni,Male,311 Vapo Road,TRUE
2022-09-12,C0518069247960,Rachel,Gardner,(741) 752-4856,padsomi@mupujisa.pg,Male,240 Ulun Loop,TRUE
2022-09-12,C0535797080260,Brett,Shaw,(530) 256-9839,sam@bucjew.et,Female,715 Modgaj Circle,TRUE
2022-09-12,C0529793898660,Ophelia,Waters,(981) 781-1582,pezfes@ezhokra.es,Female,1622 Harso Grove,TRUE
2022-09-12,C0595345257124,Estelle,Pope,(332) 812-3648,hutelwag@ul.nz,Male,1920 Gumhok Road,TRUE
2022-09-12,C0530446772948,Charles,Marsh,(550) 278-7771,kojwe@utodo.kr,Female,1637 Vetevo Court,TRUE
2022-09-12,C0554611830036,Dora,Silva,(213) 451-3494,wu@zizenda.bm,Female,828 Utca Court,TRUE
2022-09-12,C0599372291748,Travis,Bass,(861) 848-5132,zikuvaj@jovadsuh.ee,Female,210 Duzog Drive,TRUE
2022-09-12,C0512336761636,Rhoda,Collier,(875) 836-8164,osekihiw@ojwi.me,Female,592 Uljo Key,TRUE
2022-09-12,C0539857943060,Gregory,Lewis,(857) 292-5885,mikheden@caobe.ky,Female,1928 Hera Parkway,TRUE
2022-09-12,C0526935395760,Christopher,Anderson,(475) 253-8118,miznuz@lufnum.et,Female,1725 Zune Point,TRUE
2022-09-12,C0533473195960,Alberta,Gonzalez,(632) 351-2712,bubhi@jofena.ms,Male,152 Jetni Park,TRUE
2022-09-12,C0546443485848,Hulda,Huff,(582) 407-3223,in@elafih.so,Male,183 Uzesaw Loop,TRUE
2022-09-12,C0584371833636,Emma,Powell,(474) 206-1886,secidu@udtuz.mh,Female,859 Netij Avenue,TRUE
2022-09-12,C0545741434760,Kathryn,Keller,(970) 240-1556,zoc@licollod.mo,Male,268 Maczed Junction,TRUE
2022-09-12,C0573236835060,Kenneth,Ortega,(665) 882-3303,omumo@nicurigi.zw,Male,1800 Uske Point,TRUE
2022-09-12,C0584752844860,Mamie,James,(837) 655-1232,otowa@moterow.is,Male,422 Nafe Mill,TRUE
2022-09-12,C0590580316948,Ronnie,Parker,(469) 218-1574,aw@viz.hm,Female,1262 Etupu River,TRUE
2022-09-12,C0516162474660,Nettie,Carlson,(573) 824-2480,ajoode@wimu.ph,Male,680 Matop Park,TRUE
2022-09-12,C0542815700712,Marcus,Leonard,(488) 703-1607,batamuf@ejemub.st,Female,618 Pugni Circle,TRUE
2022-09-12,C0594739665436,Douglas,Gonzales,(587) 415-1737,so@dafire.bw,Female,454 Tina River,TRUE
2022-09-12,C0562196202548,Barbara,Pena,(835) 878-4224,ato@abuinade.cw,Male,1610 Nege View,TRUE
2022-09-12,C0570758177160,Nannie,Guzman,(517) 992-7966,hubpojti@cij.et,Male,1595 Zaguve Plaza,TRUE
2022-09-12,C0574793125724,Blanche,James,(481) 625-1645,sad@notkuv.mh,Male,1370 Pizub Square,TRUE
2022-09-12,C0527965152624,Emilie,Singleton,(619) 287-6066,mowseota@ata.ky,Male,926 Cefwa Circle,TRUE
2022-09-12,C0528075223212,Irene,Jimenez,(945) 842-7207,ka@ubevece.ua,Female,1236 Tenfu Center,TRUE
2022-09-12,C0562409207760,Roger,Farmer,(325) 776-1889,fefpu@hi.st,Male,1071 Cezuv Street,TRUE
2022-09-12,C0564039243036,Adam,Marsh,(705) 265-2102,nusuw@he.be,Male,208 Moje Terrace,TRUE
2022-09-12,C0532927719460,Jessie,Alvarez,(602) 417-8983,bad@epe.aq,Male,374 Rapdir Avenue,TRUE
2022-09-12,C0522221803648,Madge,Newman,(960) 766-7062,batjem@fuze.pl,Male,1891 Nini Manor,TRUE
2022-09-12,C0528906054060,Lucile,Jordan,(930) 633-2788,mezlogor@wopho.fr,Male,1128 Fola Turnpike,TRUE
2022-09-12,C0583875982336,Vera,Waters,(857) 201-1148,walicu@gu.gd,Male,450 Tuton Highway,TRUE
2022-09-12,C0524716071460,Birdie,Shelton,(807) 368-8487,bodo@ma.gi,Female,1960 Doil Loop,TRUE
2022-09-12,C0562820571324,Eddie,Newman,(760) 916-8061,zolobu@ef.mu,Male,78 Jovmu Park,TRUE
2022-09-12,C0538348434948,Trevor,Paul,(288) 536-4560,ham@sa.nf,Female,384 Adses Pass,TRUE
2022-09-12,C0536935342836,Blake,Soto,(600) 738-7493,meemezo@ka.gw,Female,1656 Isvuj Junction,TRUE
2022-09-12,C0511884635560,Hattie,Mann,(528) 494-6979,kejti@zolapweh.sd,Female,860 Taad Extension,TRUE
2022-09-12,C0571946479936,Lillie,Cunningham,(816) 887-5622,donsikjo@hus.gg,Female,1271 Tacci Heights,TRUE
2022-09-12,C0575201346236,Ora,Flowers,(426) 811-1548,noctami@lozdozeb.gm,Female,585 Diju Center,TRUE
2022-09-12,C0552363030860,Walter,Estrada,(667) 606-8701,tev@uw.sd,Male,83 Femvuh Point,TRUE
2022-09-12,C0521661062060,Rose,Owens,(919) 384-8318,befuoku@vaal.pa,Female,1042 Gesih Boulevard,TRUE
2022-09-12,C0529123392760,Joshua,Walker,(412) 889-4185,ji@cooduina.re,Male,22 Weoz Grove,TRUE
2022-09-12,C0541908601960,Leroy,Daniels,(527) 948-9290,ukna@mut.st,Male,1132 Raaw Place,TRUE
2022-09-12,C0585678600660,Harriett,Cortez,(936) 226-5654,va@vaon.gm,Male,875 Udidut Plaza,TRUE
2022-09-12,C0578212390848,Harriett,Green,(352) 470-8781,jiatfa@casul.sx,Male,18 Siih Road,TRUE
2022-09-12,C0555596111712,Henry,Medina,(858) 793-6535,ge@ofuluhe.dk,Female,1021 Muwsi Heights,TRUE
2022-09-12,C0557116581260,Elizabeth,Hubbard,(541) 406-4169,vikikasi@emfewo.su,Female,265 Vufpap Lane,TRUE
2022-09-12,C0587218379348,Helena,Guzman,(473) 867-5459,sotnivo@gukgili.bo,Male,1154 Sohno Street,TRUE
2022-09-12,C0535307818924,Jimmy,Lopez,(513) 216-2745,goek@sur.an,Male,168 Wansef Extension,TRUE
2022-09-12,C0589172005212,Ernest,Webster,(225) 689-4809,reencut@ijufucmar.gy,Female,1667 Epoli Extension,TRUE
2022-09-12,C0513898992660,Nathan,Thompson,(351) 382-9745,luzuluvu@zu.vn,Female,1311 Pidtas Lane,TRUE
2022-09-12,C0571359227060,Eliza,Dennis,(207) 484-2676,ujeru@ma.jp,Female,511 Gowiz Center,TRUE
2022-09-12,C0539157018412,Bobby,Turner,(439) 711-4815,turjipa@guc.fo,Male,426 Cimfak Loop,TRUE
2022-09-12,C0579556220448,Derrick,Walker,(453) 367-9587,wizoj@faci.ua,Female,1248 Taro Heights,TRUE
2022-09-12,C0540804277260,Jackson,Huff,(983) 730-5857,ja@ledceuse.li,Female,510 Reno Avenue,TRUE
2022-09-12,C0553481629460,Lina,Saunders,(575) 308-8724,citcihzam@efe.vn,Female,773 Ardon Loop,TRUE
2022-09-12,C0584702475224,Eric,Reeves,(819) 444-5717,daafu@wif.cy,Male,1981 Ehonah Pike,TRUE
2022-09-12,C0566631253148,Louisa,Robertson,(318) 553-7707,za@mewzihoh.bv,Male,736 Nefo Lane,TRUE
2022-09-12,C0563788229736,Jim,Doyle,(430) 434-6872,nu@mop.lt,Female,186 Vofek Point,TRUE
2022-09-12,C0564629755112,Jimmy,Morales,(564) 438-3623,tobja@mam.tr,Female,187 Zaecu Point,TRUE
2022-09-12,C0593590419036,Adeline,Cohen,(545) 410-9959,likinan@hauwkip.co,Female,169 Zuda Drive,TRUE
2022-09-12,C0522159730636,Luella,Pittman,(840) 258-1726,cofiz@sija.bj,Male,504 Hihtip Lane,TRUE
2022-09-12,C0546774234460,Melvin,Nichols,(254) 225-7981,wu@lurmi.im,Male,10 Nela Grove,TRUE
2022-09-12,C0533494860360,Chris,Wright,(662) 225-6426,gumu@ze.fi,Female,634 Ohvi Loop,TRUE
2022-09-12,C0599215038460,Garrett,Payne,(666) 387-9503,afwife@fomezfev.ug,Female,746 Vepwuj Square,TRUE
2022-09-12,C0597776700860,James,Snyder,(621) 700-8075,idepa@uvihimec.va,Male,740 Cupo Extension,TRUE
2022-09-12,C0562066126660,Olivia,Barnett,(600) 660-7806,ageof@egoawo.ar,Male,696 Cislev Point,TRUE
2022-09-12,C0532109071260,Elsie,McLaughlin,(679) 380-3747,gemu@soc.ar,Male,1156 Pelpa Ridge,TRUE
2022-09-12,C0546528214960,Mittie,Saunders,(549) 842-3039,vemwo@numkew.nl,Male,258 Elzo Boulevard,TRUE
2022-09-12,C0533984216560,Cynthia,Richards,(461) 964-3197,za@ifpaweb.ai,Male,1200 Gimu View,TRUE
2022-09-12,C0556996302560,Trevor,Ellis,(986) 784-8314,pansi@ulukacki.tw,Female,971 Huwwuv Square,TRUE
2022-09-12,C0536773054260,Jose,Graham,(533) 880-4068,gukhama@duhu.ve,Male,36 Wuca View,TRUE
2022-09-12,C0543387214148,Corey,Harrington,(716) 697-3341,me@be.pw,Female,1439 Liwma Loop,TRUE
2022-09-12,C0569593701160,Leah,Singleton,(908) 829-6873,ticuh@eva.qa,Female,1453 Vubazi Path,TRUE
2022-09-12,C0515109854036,Ella,Dean,(852) 493-5949,bib@gep.ba,Female,525 Rikfa Circle,TRUE
2022-09-12,C0572282324860,Jesse,Williams,(207) 270-8040,heotepe@vuhloepi.mp,Female,784 Repa Pass,TRUE
2022-09-12,C0526759391324,Betty,Kelley,(753) 639-5661,roh@totudbil.ye,Female,1517 Dobfe Pass,TRUE
2022-09-12,C0527062108036,Maud,Maldonado,(381) 807-6275,odara@we.ly,Male,1226 Vorale Park,TRUE
2022-09-12,C0588201057512,Aiden,Young,(266) 488-2175,zi@osbic.ms,Male,264 Itez Point,TRUE
2022-09-12,C0592510221548,Julian,Curtis,(235) 412-1398,vuwacebi@ofihuj.ee,Male,1219 Kudiz Path,TRUE
2022-09-12,C0572966434160,Alice,Reese,(771) 671-5026,iwfuzgut@nukeb.aw,Female,1744 Koza Point,TRUE
2022-09-12,C0540006634136,Luella,Bates,(203) 290-4429,iluhujik@isavil.as,Female,1641 Vepig River,TRUE
2022-09-12,C0537855003212,Leah,Ryan,(268) 932-6181,jal@hanve.bv,Male,953 Sahari Court,TRUE
2022-09-12,C0568641134660,Jerome,Bryan,(513) 953-1494,oda@ug.in,Male,1227 Fegu Square,TRUE
2022-09-12,C0585826659060,Hannah,Waters,(877) 841-6274,ud@ikovejuc.zw,Male,1468 Iturur Terrace,TRUE
2022-09-12,C0592658543948,Linnie,Little,(375) 504-3226,zepuj@tihes.at,Female,1973 Vilat Street,TRUE
2022-09-12,C0546523370360,Linnie,Foster,(758) 700-8832,suebso@pumrubo.za,Female,1788 Hija Court,TRUE
2022-09-12,C0532690379236,Leo,Oliver,(427) 383-7637,no@nab.pe,Female,1895 Odgir Turnpike,TRUE
2022-09-12,C0572061926660,Sue,Duncan,(464) 432-3399,defa@aprah.kw,Female,571 Jivuf Heights,TRUE
2022-09-12,C0565565679360,Roxie,Gutierrez,(448) 751-2717,ni@bupumu.kr,Male,22 Ceni View,TRUE
2022-09-12,C0570319209212,Alma,Moss,(662) 940-3814,voje@jakuj.do,Male,794 Birig Terrace,TRUE
2022-09-12,C0567340459024,Ollie,Higgins,(676) 256-7791,dowukcop@pu.gd,Female,455 Okza Plaza,TRUE
2022-09-12,C0596254165960,Ethan,Goodman,(905) 499-9724,wedhual@sihap.gh,Male,378 Bahcu Point,TRUE
2022-09-12,C0591878095060,Corey,Obrien,(647) 663-5552,hif@pagvomu.th,Female,1889 Felzud Terrace,TRUE
2022-09-12,C0573674350960,Glen,Edwards,(261) 653-3419,egjotudi@apifo.il,Female,681 Bitjov Point,TRUE
2022-09-12,C0562937063260,Michael,Ferguson,(614) 279-3209,ehauduzuh@fotilu.be,Male,1466 Bugmun Road,TRUE
2022-09-12,C0544670010760,Lillie,Barnes,(458) 852-2812,loj@tizfo.cc,Male,1886 Cehza Pass,TRUE
2022-09-12,C0566982608260,Seth,Burns,(644) 885-2988,lih@batdo.az,Female,1781 Ibmid Way,TRUE
2022-09-12,C0592527202836,Polly,Fitzgerald,(852) 767-3356,kofus@raf.bs,Male,1318 Huznah Trail,TRUE
2022-09-12,C0587479411648,Maggie,Chambers,(226) 535-2663,cepsagton@sa.ge,Female,113 Fofew Boulevard,TRUE
2022-09-12,C0521730286424,Dora,Morrison,(638) 820-3546,bizjuhzi@nu.ad,Female,1412 Fenon Road,TRUE
2022-09-12,C0591671130412,David,Watkins,(949) 826-5669,tekap@subivsa.hr,Male,1376 Jetov Park,TRUE
2022-09-12,C0575300695160,Ida,Mann,(664) 521-8307,lofiklus@zuw.no,Male,1093 Tofa Street,TRUE
2022-09-12,C0587764992048,Dylan,Walsh,(466) 882-7986,bod@sataz.kh,Male,1174 Sato Pass,TRUE
2022-09-12,C0555683070112,Laura,Francis,(760) 574-7881,suomapud@caz.bh,Male,713 Kejpe Path,TRUE
2022-09-12,C0534450302136,Jesus,Graves,(818) 669-2364,buha@fuw.do,Female,1240 Rocgig Lane,TRUE
2022-09-12,C0538497742960,Gerald,Fisher,(950) 841-1944,ceohibu@cuvi.lu,Male,341 Tubkar Loop,TRUE
2022-09-12,C0554008062360,Stella,Steele,(583) 252-2850,fanid@jogepu.mo,Female,1680 Rosaj Mill,TRUE
2022-09-12,C0514764082836,Johanna,Hogan,(743) 234-7485,wakameje@idtig.de,Male,243 Fawduk Loop,TRUE
2022-09-12,C0560749821048,Marcus,McKinney,(853) 599-3675,umeboogo@kedse.sr,Male,1426 Epere Extension,TRUE
2022-09-12,C0547123139460,Willie,Jefferson,(601) 760-5570,heg@mozef.nl,Female,1008 Dasvas Manor,TRUE
2022-09-12,C0585743975560,Gregory,Owen,(961) 476-1829,inwowo@heb.cr,Female,1149 Kaci Way,TRUE
2022-09-12,C0565128940248,Lloyd,Walton,(205) 465-5659,ecihi@badkunul.li,Female,958 Pafuke Plaza,TRUE
2022-09-12,C0527271031548,Carl,Saunders,(571) 524-3095,cor@nosjewkup.sn,Male,429 Rawo Court,TRUE
2022-09-12,C0598397457160,Cornelia,Perez,(888) 646-6502,afzuzaj@ujirojo.ad,Female,353 Rimdid Street,TRUE
2022-09-12,C0569597088760,Martha,Guerrero,(559) 829-5912,lob@wuj.su,Male,1062 Lamruf Highway,TRUE
2022-09-12,C0589554848860,Albert,Reynolds,(871) 906-6582,fiwa@ugezojpi.mm,Male,895 Ihuf View,TRUE
2022-09-12,C0528927516960,Annie,Caldwell,(513) 390-5777,helo@ibzotta.la,Female,1049 Polcah Place,TRUE
2022-09-12,C0586714721448,Dale,Kelley,(331) 826-2502,icubunfu@fif.af,Female,423 Uziive Heights,TRUE
2022-09-12,C0572567633036,Shawn,Waters,(578) 555-2235,pinabu@fapa.mx,Female,804 Hudo Mill,TRUE
2022-09-12,C0568568954860,Harold,Jennings,(948) 345-1171,goboera@bacirmib.us,Female,1385 Avuf Plaza,TRUE
2022-09-12,C0557524810660,Adrian,Stokes,(645) 593-7934,tohitin@aji.im,Male,1784 Jefnim Terrace,TRUE
2022-09-12,C0567046819260,Bernice,Griffith,(765) 937-2816,maguk@woeviose.ve,Male,960 Nagit Parkway,TRUE
2022-09-12,C0541611309060,Peter,Payne,(903) 997-8162,rehosu@bohenug.ar,Female,483 Iwine Mill,TRUE
2022-09-12,C0514364534448,Randy,Medina,(966) 451-3841,igoebga@pu.nl,Female,1077 Bevrin Manor,TRUE
2022-09-12,C0596698193360,Maude,Carson,(282) 658-5483,habwic@jimod.mm,Male,840 Utojo Highway,TRUE
2022-09-12,C0574490271660,Isaiah,Barnes,(829) 829-5835,olezufkim@sevlepo.nf,Female,1150 Futvot Terrace,TRUE
2022-09-12,C0550084127960,Oscar,Perry,(681) 949-7691,zer@sij.md,Male,501 Gafir Heights,TRUE
2022-09-12,C0515882722248,Maggie,Byrd,(235) 566-7643,ig@cirkokmi.gp,Female,59 Agelik Key,TRUE
2022-09-12,C0526936606160,Lewis,Brewer,(541) 441-3468,fa@gatlifse.sk,Male,926 Omeef Square,TRUE
2022-09-12,C0535275113460,Luis,Reid,(608) 309-5070,dar@jukege.zw,Male,1271 Wusi Parkway,TRUE
2022-09-12,C0536259053060,Eva,Chapman,(457) 357-1283,nesavu@zutemtal.uz,Female,990 Lesal Court,TRUE
2022-09-12,C0528855688760,Roger,Baldwin,(515) 697-4298,fahaboja@ibel.pa,Male,867 Maguv Center,TRUE
2022-09-12,C0570819007648,Harry,Perez,(928) 956-5690,alnobal@ili.kg,Female,1438 Ravec Glen,TRUE
2022-09-12,C0529740000012,Seth,Harrington,(684) 704-4072,mupajke@gadefji.sa,Male,99 Ladta Grove,TRUE
2022-09-12,C0559402826660,Gene,Estrada,(965) 924-2359,im@in.aq,Male,1961 Neaka River,TRUE
2022-09-12,C0586390707060,Lottie,Adams,(558) 612-9373,rerairi@ilisakwa.ee,Female,1987 Domuk Drive,TRUE
2022-09-12,C0572888670160,Kenneth,Waters,(646) 574-5844,kafgazu@cu.pl,Male,610 Iwazed Pike,TRUE
2022-09-12,C0580810421936,Harry,Jensen,(374) 636-2356,li@muwrev.tg,Female,1800 Jolcu Place,TRUE
2022-09-12,C0552072166360,Norman,Diaz,(219) 923-4384,ju@fij.bt,Female,188 Dines Loop,TRUE
2022-09-12,C0563814120360,Bertie,Morales,(739) 200-1637,ubeumwuh@ne.bd,Male,412 Ovinag Glen,TRUE
2022-09-12,C0599037415812,Jared,McCarthy,(774) 299-1119,junfik@et.tt,Female,1812 Mejem Circle,TRUE
2022-09-12,C0578484862948,Mina,Hicks,(236) 912-7392,uk@radahe.wf,Female,780 Lisog Court,TRUE
2022-09-12,C0551525381948,Estelle,Morales,(305) 752-9784,aneheuj@liewji.su,Male,1387 Megi Parkway,TRUE
2022-09-12,C0551583146336,Jared,Christensen,(671) 216-8723,ot@zenzazo.sg,Male,251 Osisa Lane,TRUE
2022-09-12,C0542520006760,Carl,Owens,(930) 482-3795,uroebuli@nokehal.cv,Female,430 Womir Turnpike,TRUE
2022-09-12,C0572184637760,Bobby,Dixon,(608) 449-1068,beznagal@ni.ch,Male,1724 Casot Mill,TRUE
2022-09-12,C0556879452648,Florence,Malone,(661) 667-6123,lolo@wubfasbor.zw,Male,810 Civfem Point,TRUE
2022-09-12,C0515579291024,Emma,Cooper,(670) 810-2724,kijvoz@mejdikfel.vg,Male,515 Hikbe Extension,TRUE
2022-09-12,C0576541575860,Gregory,Myers,(276) 871-3443,migoghu@joktok.fi,Male,922 Poip Circle,TRUE
2022-09-12,C0517167803124,Jason,Williams,(642) 495-8394,fuccecmub@sav.jp,Male,1132 Zovcud Circle,TRUE
2022-09-12,C0599224235560,Elnora,Turner,(359) 497-1902,vawat@we.ne,Female,52 Kini Junction,TRUE
2022-09-12,C0591532264524,Gertrude,Schneider,(975) 936-3352,uvakveh@nog.gw,Male,710 Depto Road,TRUE
2022-09-12,C0538046208160,Victoria,McKenzie,(643) 955-6040,bojoctu@behrah.kp,Male,1865 Jegen Square,TRUE
2022-09-12,C0539383746260,Joseph,Gutierrez,(404) 271-9742,iz@kof.ml,Male,219 Hocwum River,TRUE
2022-09-12,C0521693056836,John,Hale,(212) 650-5365,la@lij.es,Male,221 Wawlil Parkway,TRUE
2022-09-12,C0566003951924,Dora,Owen,(750) 246-3044,ma@wuud.li,Female,523 Bapu River,TRUE
2022-09-12,C0513077726648,Minerva,Fisher,(671) 338-5394,uremu@goenob.ua,Female,1120 Jeno Boulevard,TRUE
2022-09-12,C0512886170524,Jessie,Fernandez,(338) 596-5279,necfaw@hedwo.sy,Female,329 Ivdo Path,TRUE
2022-09-12,C0574773048260,Lulu,Guerrero,(983) 420-6095,radpepsuw@zeac.id,Female,296 Zusona Court,TRUE
2022-09-12,C0557739890660,Steve,Jackson,(979) 495-9232,son@wo.cy,Female,82 Gavin Glen,TRUE
2022-09-12,C0574442833960,Bryan,Harrison,(836) 727-6773,aruvamuwi@ronefas.ga,Male,121 Kosnic Park,TRUE
2022-09-12,C0536023988460,Vernon,Horton,(764) 897-5002,gewomve@urrales.ug,Female,1104 Anniw Loop,TRUE
2022-09-12,C0514772068548,Daniel,Watts,(278) 348-4977,daez@gupo.vn,Male,1075 Ucaah Extension,TRUE
2022-09-12,C0523282006860,Cordelia,Buchanan,(570) 539-2204,wedni@nizmum.aq,Female,583 Wiisa Grove,TRUE
2022-09-12,C0589722660248,Lottie,McDaniel,(866) 224-6268,rubhico@anoij.om,Female,1941 Zunde Key,TRUE
2022-09-12,C0541757714660,Bertha,Spencer,(570) 353-9937,be@sutjid.co,Female,855 Goma River,TRUE
2022-09-12,C0514674644048,Flora,Bryan,(354) 642-4711,luv@ziekago.tr,Female,1243 Cozi Point,TRUE
2022-09-12,C0585454808112,Clayton,Rodgers,(281) 970-8569,afadu@bokado.ro,Female,501 Dizac Lane,TRUE
2022-09-12,C0597797124924,Mike,Goodwin,(865) 714-3380,tonbeceku@nov.ly,Male,630 Vurfu Path,TRUE
2022-09-12,C0562935195960,Lois,Carson,(210) 636-8225,vi@aju.sc,Male,1795 Mozus Way,TRUE
2022-09-12,C0596604967760,Ollie,Schwartz,(437) 927-8210,lukgavap@wartaw.fm,Male,1283 Kabac Circle,TRUE
2022-09-12,C0513932118248,Blanche,Collins,(225) 472-1501,wenof@kaba.bb,Female,741 Monile Avenue,TRUE
2022-09-12,C0571444655336,Angel,Wise,(983) 820-7439,dinezu@cih.th,Female,59 Jullo Grove,TRUE
2022-09-12,C0511118075048,Ernest,Figueroa,(466) 765-5855,ocgo@erid.mo,Female,943 Micog Pike,TRUE
2022-09-12,C0545816435124,Lola,Moreno,(439) 260-7070,sebniv@kelirgu.ni,Female,1045 Juca Way,TRUE
2022-09-12,C0590346422236,Ada,Pittman,(810) 754-7989,ugu@ik.my,Male,150 Gebat Way,TRUE
2022-09-12,C0592244563960,Mamie,McCarthy,(878) 525-4384,pari@owi.ad,Female,1882 Dari Road,TRUE
2022-09-12,C0514109884948,Lora,Hubbard,(503) 388-1825,jited@piju.gf,Female,1491 Uwedo Parkway,TRUE
2022-09-12,C0521373856436,Victoria,Santos,(904) 965-1068,akbiwu@nijcem.tz,Female,815 Wilib View,TRUE
2022-09-12,C0572336293324,Esther,Marsh,(826) 644-8757,ogoda@peb.gb,Male,1652 Gome Terrace,TRUE
2022-09-12,C0530046637360,Gary,Kennedy,(262) 793-6698,sih@veckaw.tn,Male,1867 Jajij Court,TRUE
2022-09-12,C0534187341312,Louise,Steele,(460) 330-2396,agefin@posugom.cc,Female,1021 Sojeta Junction,TRUE
2022-09-12,C0535885049848,Hallie,Dawson,(707) 286-6148,ze@acapcu.pt,Female,1281 Kassut Square,TRUE
2022-09-12,C0575752706348,Charles,Hubbard,(461) 995-7643,bopsitdih@rinbur.ke,Female,801 Abioni View,TRUE
2022-09-12,C0548837095148,Ruth,Romero,(204) 619-6833,vooc@heew.fo,Female,1603 Idamo Street,TRUE
2022-09-12,C0575810462636,Hallie,Wood,(914) 670-6507,ru@paplurun.mh,Male,683 Kufnam Avenue,TRUE
2022-09-12,C0557365022424,Isabel,Marsh,(275) 660-5638,re@cubooz.ni,Female,64 Ohuji Center,TRUE
2022-09-12,C0583247471060,Barbara,Hudson,(907) 427-9697,waehi@uli.fi,Male,868 Zumsop Lane,TRUE
2022-09-12,C0526026373260,Craig,Cooper,(917) 407-5003,weahro@geisa.ls,Female,1028 Cefgo Avenue,TRUE
2022-09-12,C0515376848460,Virgie,McKinney,(250) 845-9030,neusivig@ra.sv,Female,1810 Wotat Key,TRUE
2022-09-12,C0518942741660,May,Greer,(675) 624-5552,lelpef@ehi.af,Male,712 Bocdol Parkway,TRUE
2022-09-12,C0594080357236,Sarah,Edwards,(460) 367-8783,isavigipe@awetu.rw,Male,507 Hupete Turnpike,TRUE
2022-09-12,C0551346422012,Lottie,Torres,(725) 966-3765,guspipow@macu.je,Male,933 Zoave Pass,TRUE
2022-09-12,C0562359416760,Lida,Fletcher,(311) 670-2112,ir@netier.mt,Male,823 Vogac Loop,TRUE
2022-09-12,C0519197256460,Myrtie,Kelley,(589) 280-2632,itvihi@nen.co.uk,Male,994 Bibpu Street,TRUE
2022-09-12,C0568790791860,Lulu,Lindsey,(682) 838-4016,ciimafej@koelu.lc,Female,1386 Efeluv Path,TRUE
2022-09-12,C0551453715960,Antonio,Chandler,(561) 716-5539,miggej@ravkanzaw.bj,Female,422 Wokdah Boulevard,TRUE
2022-09-12,C0518045350248,Gertrude,Holloway,(545) 481-5577,lid@joh.mr,Male,1835 Cahku Court,TRUE
2022-09-12,C0590531716148,Jon,Aguilar,(568) 717-3213,kap@ru.kp,Female,1418 Wakzun Grove,TRUE
2022-09-12,C0527714353048,Clyde,Conner,(958) 687-1747,orseg@tumaz.py,Female,1326 Ipeliz Lane,TRUE
2022-09-12,C0593109235048,Chris,Norton,(285) 215-2817,ijavenwe@voc.cx,Female,585 Izdo Junction,TRUE
2022-09-12,C0536913981960,Roy,Bell,(453) 252-8695,resejan@tadlojam.by,Female,998 Jaodo Ridge,TRUE
2022-09-12,C0546110253160,Lois,Martin,(729) 928-3561,ciopzaz@tejurcam.ms,Male,1757 Juba Terrace,TRUE
2022-09-12,C0593829702060,Henrietta,Simmons,(204) 720-9880,ohlegpic@uvi.cz,Male,1825 Zuso Street,TRUE
2022-09-12,C0534054596060,Alex,Abbott,(650) 996-9133,ve@getu.se,Female,130 Remhu Plaza,TRUE
2022-09-12,C0563497228036,Joseph,Evans,(788) 935-3014,hu@er.th,Female,291 Dacma Avenue,TRUE
2022-09-12,C0548972002560,Anthony,Strickland,(518) 842-9518,cububatu@dikrovwo.fk,Female,461 Erfo Loop,TRUE
2022-09-12,C0511446919860,Dorothy,Potter,(342) 421-8586,ilosu@focporuje.no,Male,837 Unire Square,TRUE
2022-09-12,C0540766947024,Joe,Simon,(808) 275-7457,eba@sa.bd,Female,67 Ibeul View,TRUE
2022-09-12,C0521245538960,Sam,Owen,(810) 867-4637,fewlahja@ge.io,Female,372 Zeze Mill,TRUE
2022-09-12,C0524440786548,Floyd,Dixon,(476) 306-8522,we@ocho.sc,Female,1887 Boid Key,TRUE
2022-09-12,C0594342400412,Duane,Walsh,(867) 909-6685,folino@ipi.ru,Female,380 Vohlec Center,TRUE
2022-09-12,C0587915457624,Blake,Glover,(632) 228-2292,zamam@me.bq,Female,920 Sizup Parkway,TRUE
2022-09-12,C0565185806536,Alfred,Lamb,(444) 935-2586,hor@oded.sd,Female,1291 Ridi Avenue,TRUE
2022-09-12,C0528873628760,Maude,Benson,(688) 677-5843,ne@dor.bn,Male,738 Umco Highway,TRUE
2022-09-12,C0533588372348,Cecilia,Carlson,(212) 364-2747,gijeiku@cabumfuc.dj,Female,1102 Zicja Boulevard,TRUE
2022-09-12,C0572670368812,Paul,Cobb,(221) 455-6057,du@bodiko.mt,Female,1018 Kuddaw Pike,TRUE
2022-09-12,C0561908469660,Frances,Walker,(975) 369-1098,nav@uz.ba,Female,1090 Doddan Center,TRUE
2022-09-12,C0542849550736,Joe,Gomez,(874) 366-6612,mej@ekida.bb,Male,464 Mihkad Extension,TRUE
2022-09-12,C0519404329460,Bernice,King,(777) 367-9353,nizowini@vewpeake.li,Female,964 Bupug River,TRUE
2022-09-12,C0519906808060,Etta,Owen,(726) 578-8877,lije@porgoz.pl,Male,1663 Upeka Pike,TRUE
2022-09-12,C0549874260660,Marian,Gibbs,(416) 342-7960,kaz@ho.cd,Male,1435 Salef Boulevard,TRUE
2022-09-12,C0511643969724,Donald,Garner,(988) 632-2004,did@karpiej.gy,Male,324 Poje Path,TRUE
2022-09-12,C0586115241848,Barbara,Kelley,(344) 392-1884,zudi@kuruc.fm,Female,1937 Noino Key,TRUE
2022-09-12,C0531000841436,Ryan,Austin,(218) 350-6167,op@anizeinu.ls,Male,1413 Cokek Place,TRUE
2022-09-12,C0588090184424,Virginia,Jimenez,(758) 392-6618,rone@efmiku.dj,Male,33 Ipuoba River,TRUE
2022-09-12,C0511640297436,Jayden,Russell,(349) 558-8167,ci@pahco.cf,Male,494 Pezub Grove,TRUE
2022-09-12,C0588295653260,Antonio,Williamson,(768) 378-7830,fuwdavo@cus.ro,Female,906 Kaij Lane,TRUE
2022-09-12,C0558863058060,Vera,Soto,(758) 783-6385,higwu@winepacu.bs,Male,1098 Guava Extension,TRUE
2022-09-12,C0563150708336,Carl,Houston,(857) 273-8847,aca@on.qa,Female,1535 Haggi Circle,TRUE
2022-09-12,C0553628185460,Rose,Cain,(729) 903-7195,denvaju@oruhud.mx,Male,802 Vevgej Key,TRUE
2022-09-12,C0525448483736,Myrtle,Hart,(761) 436-4538,wuk@koc.tp,Male,704 Pepja Grove,TRUE
2022-09-12,C0533720353060,Essie,Luna,(214) 298-9844,kiwu@buef.eg,Female,1817 Niffav Plaza,TRUE
2022-09-12,C0572107126324,Jeanette,Medina,(644) 421-1025,ugzagfar@onumuz.zm,Female,1197 Mekib Key,TRUE
2022-09-12,C0573419543736,Hallie,Farmer,(519) 862-4970,hodliffa@vaz.md,Female,647 Voge Drive,TRUE
2022-09-12,C0514288704948,Gordon,Brock,(385) 319-9802,ov@paele.sr,Female,1012 Gouv Pike,TRUE
2022-09-12,C0546815878648,Georgia,Holland,(727) 302-3878,cu@lowodor.kh,Male,236 Mozi Circle,TRUE
2022-09-12,C0586417100512,Marie,Hampton,(908) 813-1378,waumdu@teozu.lk,Male,578 Weko Street,TRUE
2022-09-12,C0514196297724,Clifford,Hawkins,(954) 359-5438,honfa@goldec.au,Female,860 Inase Trail,TRUE
2022-09-12,C0516478039236,Dustin,Little,(815) 375-6197,nohnibah@ezgiowa.bv,Male,1766 Icdu Heights,TRUE
2022-09-12,C0585615008636,Harry,Holmes,(989) 776-9318,ehru@izguwij.ug,Male,1472 Movof Way,TRUE
2022-09-12,C0591727759048,May,Ray,(750) 342-1550,ce@biigupi.zm,Female,1901 Jiin Circle,TRUE
2022-09-12,C0523759239124,Lillie,Ballard,(910) 534-8582,zouviku@gerriwo.kg,Male,1086 Muvoc Grove,TRUE
2022-09-12,C0578187664360,Eugenia,Harrington,(969) 593-1914,tonuhon@dipregoc.co,Male,402 Nejmul Plaza,TRUE
2022-09-12,C0532941129960,Mina,Lee,(317) 609-6482,va@an.md,Female,1434 Jimgo Manor,TRUE
2022-09-12,C0553884231260,Benjamin,Ballard,(445) 579-7121,cep@uv.vn,Male,1927 Jotpes Highway,TRUE
2022-09-12,C0563629780460,Jesus,Jensen,(632) 406-1117,gid@loda.bh,Male,1645 Kaeh Lane,TRUE
2022-09-12,C0549753776248,Leona,Henry,(277) 460-2858,rucfet@to.cr,Male,464 Pawi Plaza,TRUE
2022-09-12,C0518775481748,Alfred,Castillo,(262) 249-5822,wozew@gad.gf,Male,169 Ipojop Point,TRUE
2022-09-12,C0563311302148,Glen,Singleton,(564) 363-1417,cace@ka.gu,Male,1596 Ifvus Grove,TRUE
2022-09-12,C0557373941236,Georgia,Nichols,(635) 466-9424,umrav@ojce.re,Male,1931 Dibde Way,TRUE
2022-09-12,C0586204922148,Winnie,Brady,(531) 241-7742,hujozdip@wi.tz,Female,1293 Foscac River,TRUE
2022-09-12,C0545908350860,Frederick,Roy,(882) 385-6632,bic@ifluef.mm,Female,1502 Sutpu Road,TRUE
2022-09-12,C0568610399260,Mollie,Ward,(926) 462-8532,gima@wom.in,Female,1164 Zocwof Boulevard,TRUE
2022-09-12,C0596059213248,Bettie,Howell,(574) 865-7614,raodjis@fen.fi,Male,1163 Uszuh Parkway,TRUE
2022-09-12,C0563493923348,Jordan,Daniels,(628) 267-9373,afojiejo@macah.my,Female,285 Gusab Pass,TRUE
2022-09-12,C0599934414060,Jack,Scott,(680) 839-4836,wahkara@ajaze.mp,Female,300 Kolni Way,TRUE
2022-09-12,C0549141100424,Addie,Jennings,(686) 568-3687,ajili@tozlo.dj,Male,1042 Evguj Heights,TRUE
2022-09-12,C0553728514748,Leona,Fitzgerald,(885) 661-7033,wella@ruvopa.tm,Male,1671 Mogjoh Mill,TRUE
2022-09-12,C0574360662060,Elmer,Singleton,(220) 931-8010,okewuow@igduhne.gb,Female,1231 Gubiw Court,TRUE
2022-09-12,C0597164105960,Alvin,Robbins,(842) 254-2390,sop@tu.jm,Male,9 Lamso Highway,TRUE
2022-09-12,C0569183643736,Marc,Norman,(275) 583-7384,ju@dugudi.ad,Male,673 Pocup Turnpike,TRUE
2022-09-12,C0597586176760,Nannie,Jacobs,(573) 752-4553,juplafmo@rilosirep.lu,Female,1640 Zefel Mill,TRUE
2022-09-12,C0562290503524,Lizzie,Rios,(467) 896-3999,vik@eglo.ee,Male,1214 Igucoh Extension,TRUE
2022-09-12,C0535096885660,Gertrude,Mathis,(778) 677-8685,do@uccijvuj.td,Male,1312 Edpe Ridge,TRUE
2022-09-12,C0529382517160,Terry,Underwood,(548) 814-6039,rul@ja.ne,Female,1760 Keum Lane,TRUE
2022-09-12,C0551317526860,Caroline,Stevens,(807) 356-9657,vimzavo@kispejnul.bj,Male,1367 Wofzow Path,TRUE
2022-09-12,C0545950110612,Nathan,Bailey,(424) 507-8733,vo@sochik.tt,Male,261 Tamuk Park,TRUE
2022-09-12,C0525795628760,Ronald,Campbell,(651) 475-5336,folnu@mezkafi.tl,Female,1363 Rapel Loop,TRUE
2022-09-12,C0569945751460,Nelle,Sullivan,(356) 935-6930,jin@le.nr,Female,1935 Nejram Circle,TRUE
2022-09-12,C0556467420848,Alan,Obrien,(744) 984-5415,sirahlu@vitdu.ba,Male,827 Bovmul Heights,TRUE
2022-09-12,C0582234244160,Cole,Cunningham,(849) 249-2993,nigagva@gum.me,Female,1031 Gibse Point,TRUE
2022-09-12,C0552836890836,Miguel,Hicks,(468) 510-6210,jaj@del.ba,Female,207 Nesol Pass,TRUE
2022-09-12,C0567879122348,Brent,Mason,(578) 846-1754,uv@aciadpev.cm,Male,795 Hozji View,TRUE
2022-09-12,C0556547392160,Hilda,Thomas,(688) 662-8918,efmuhwaw@dejnofoc.cm,Male,1519 Gilwu Loop,TRUE
2022-09-12,C0539380964524,Jack,Gibbs,(830) 794-2495,hap@ijibi.li,Male,1255 Pebbam Road,TRUE
2022-09-12,C0551316840860,Clayton,Neal,(477) 481-1281,vowdeuz@imo.ky,Male,1098 Digdon Path,TRUE
2022-09-12,C0515412011060,Albert,Alvarez,(461) 712-9912,wohbowan@poucse.kh,Male,215 Hulu Park,TRUE
2022-09-12,C0587665124448,Charlie,Barrett,(634) 630-8693,winemu@tokiha.su,Female,413 Zigac Point,TRUE
2022-09-12,C0551449336060,Annie,Estrada,(965) 414-7509,do@su.ee,Male,1520 Lopu Ridge,TRUE
2022-09-12,C0566323091836,Russell,Delgado,(823) 394-9332,lucje@mamza.dz,Male,576 Difur Park,TRUE
2022-09-12,C0558678330360,Irene,Cooper,(402) 626-1204,calagpe@kukoz.tw,Male,300 Golko Loop,TRUE
2022-09-12,C0580037062260,Mamie,Evans,(415) 827-9965,fud@tebug.eu,Female,1535 Fudat Mill,TRUE
2022-09-12,C0573048165448,Mollie,Dunn,(724) 251-9274,ufivwoh@eg.bz,Female,689 Rushu Circle,TRUE
2022-09-12,C0566594021536,Francis,Wallace,(373) 653-2521,currene@vic.vg,Male,721 Gasu Grove,TRUE
2022-09-12,C0593388048260,Eunice,Glover,(470) 525-9348,owucov@mo.om,Female,1096 Ihucol Key,TRUE
2022-09-12,C0545962796424,Georgia,Ellis,(711) 391-3571,zew@us.ma,Male,334 Cefde Street,TRUE
2022-09-12,C0513995099524,Tom,Doyle,(725) 407-8647,mez@su.jo,Female,1062 Sivib View,TRUE
2022-09-12,C0598685256060,Fannie,Walker,(468) 362-4979,la@waktad.gd,Female,233 Rezrad Grove,TRUE
2022-09-12,C0549008264160,Leon,Carter,(278) 284-2949,tatbajebi@erugophav.lu,Male,1927 Waziha Manor,TRUE
2022-09-12,C0539625567824,Caroline,Massey,(441) 469-1627,sikubjez@jef.iq,Female,887 Zuhu Glen,TRUE
2022-09-12,C0555113246460,Sallie,Reeves,(636) 856-1421,felijogo@uzu.ru,Male,298 Jupi Parkway,TRUE
2022-09-12,C0550053483636,Dorothy,Brooks,(659) 385-2165,ek@el.nc,Female,1821 Ozlo Trail,TRUE
2022-09-12,C0579574834524,Cora,Moran,(414) 493-9205,nauweej@ru.re,Female,1570 Nuhje Road,TRUE
2022-09-12,C0541989218224,Nannie,Simon,(449) 743-1695,is@nukihijo.ws,Female,1091 Ussa Path,TRUE
2022-09-12,C0520778737024,Lena,Luna,(978) 990-2390,werwezzac@latzop.za,Female,551 Ficnu River,TRUE
2022-09-12,C0559882997724,Myrtle,Lopez,(368) 843-1109,liji@wawokav.ax,Male,1811 Keze Pike,TRUE
2022-09-12,C0575832142036,Maggie,Osborne,(852) 458-7877,ko@joja.je,Male,627 Nevfaf Highway,TRUE
2022-09-12,C0582116413060,Dale,Henderson,(977) 264-3530,ga@la.bv,Female,515 Tarem River,TRUE
2022-09-12,C0567841982724,Gary,Rose,(963) 728-6609,tubvubeg@sijod.pk,Female,774 Gake Court,TRUE
2022-09-12,C0538251093148,Albert,Curtis,(867) 958-4141,winzi@oz.af,Male,1175 Arca Street,TRUE
2022-09-12,C0553998287436,Cecelia,Stephens,(742) 471-2425,zithefa@wiji.pl,Male,1393 Idcut Boulevard,TRUE
2022-09-12,C0558145610160,Jerome,Drake,(566) 972-4200,avjorki@urudwuc.tp,Female,1203 Pafra Extension,TRUE
2022-09-12,C0555733790860,Lela,White,(515) 313-4869,nerkir@lo.kp,Female,1965 Noul Square,TRUE
2022-09-12,C0571350579760,Eva,Doyle,(464) 414-9002,hulu@at.gb,Male,686 Finav Ridge,TRUE
2022-09-12,C0513841258060,Emily,Kelley,(330) 580-1991,ro@gucmel.hk,Female,65 Nojme Lane,TRUE
2022-09-12,C0537982412236,Duane,Dixon,(826) 352-5060,jir@fenajufun.tv,Female,584 Raban Loop,TRUE
2022-09-12,C0529882485360,Essie,Shaw,(767) 899-8189,vo@ati.sg,Female,1140 Lulgek Drive,TRUE
2022-09-12,C0542319516160,Cecilia,Vasquez,(437) 451-5331,cirruh@coruhsig.cd,Female,1776 Zugi Mill,TRUE
2022-09-12,C0544727019560,Herman,Hardy,(521) 316-9913,sekel@ipalajer.pf,Male,1826 Melnod Parkway,TRUE
2022-09-12,C0526924958848,Lillian,Fletcher,(508) 493-7270,kimijak@hot.va,Male,970 Wurdi Key,TRUE
2022-09-12,C0545148515860,Alberta,McDonald,(381) 372-4882,pudas@has.rs,Female,1196 Wartok Path,TRUE
2022-09-12,C0542106705036,William,Francis,(275) 757-2499,bugopsan@matunag.ru,Female,1133 Pouhu Plaza,TRUE
2022-09-12,C0549343390248,Norman,Underwood,(942) 542-6541,sot@kalinuw.tw,Male,522 Ejomu Point,TRUE
2022-09-12,C0535723429960,Ella,Bailey,(583) 304-2277,jujbahe@kejawse.tn,Female,304 Ilaba Avenue,TRUE
2022-09-12,C0568064037760,Marion,Morton,(939) 924-8427,daw@medodafi.bo,Female,292 Ifoti Place,TRUE
2022-09-12,C0563972581060,Jorge,Santiago,(987) 982-5311,hamasut@uvoducon.hu,Male,801 Pimdum Park,TRUE
2022-09-12,C0592325903412,Lulu,Stone,(768) 869-2341,acvotez@he.ky,Male,894 Luuta Glen,TRUE
2022-09-12,C0540667263560,Connor,Salazar,(940) 678-9946,voliura@notufem.my,Female,1205 Pico View,TRUE
2022-09-12,C0594622559560,Myrtie,Roberson,(342) 349-2131,is@saz.sn,Female,1597 Afzu Pass,TRUE
2022-09-12,C0558978369960,Austin,Greer,(907) 657-4786,ligzifca@ige.ls,Male,1922 Vupu Avenue,TRUE
2022-09-12,C0576289353348,Leonard,Schwartz,(319) 279-4741,beighek@agaetnun.fk,Male,1891 Judo Parkway,TRUE
2022-09-12,C0583217928148,Donald,Jackson,(388) 483-6428,popi@ico.zm,Male,484 Jevpuk Place,TRUE
2022-09-12,C0522141530936,Gordon,Murphy,(338) 252-5282,lefzon@avomewof.td,Male,1217 Imabil Avenue,TRUE
2022-09-12,C0560922878548,Gregory,George,(862) 418-1052,ki@mecgapuz.an,Female,1711 Daler River,TRUE
2022-09-12,C0529578576660,Austin,Wilson,(563) 464-2564,owo@fivpe.zw,Female,1164 Uhcu Path,TRUE
2022-09-12,C0566109198648,Manuel,Larson,(703) 585-3269,mipbin@jiwumre.il,Male,43 Cojun Path,TRUE
2022-09-12,C0577774142548,Lydia,Doyle,(510) 376-5232,ivgel@im.bb,Male,565 Hecus Square,TRUE
2022-09-12,C0578677274812,Lucile,West,(555) 713-5803,ancebnid@alefevu.yt,Male,1308 Jugo Drive,TRUE
2022-09-12,C0526027170160,Winifred,Moore,(513) 539-7927,liati@uguafka.cw,Female,1125 Vudsem Junction,TRUE
2022-09-12,C0550402815324,Nell,Williamson,(872) 923-9523,of@gokfat.id,Female,494 Hesat Extension,TRUE
2022-09-12,C0538453749060,Lydia,Webster,(675) 345-7948,govfone@tageuw.gp,Male,884 Ovuoha Center,TRUE
2022-09-12,C0542136795836,Lilly,Summers,(253) 659-2036,pod@vob.mr,Male,1142 Hebzut Path,TRUE
2022-09-12,C0584899076648,Leona,Chambers,(478) 843-3341,ninvev@hoho.dk,Female,1315 Binwup Way,TRUE
2022-09-12,C0518401058260,Abbie,Hoffman,(285) 609-2329,wagsi@figesev.bq,Female,480 Biza Pass,TRUE
2022-09-12,C0587066440324,Owen,Powers,(423) 521-8502,ku@red.aq,Male,1846 Wurfo Manor,TRUE
2022-09-12,C0558066811060,Alice,Welch,(917) 977-9016,bedobam@wuiledid.nu,Female,441 Litap Key,TRUE
2022-09-12,C0557088980036,Stephen,Frank,(658) 546-4761,muftuk@nac.ac,Female,9 Puziki Mill,TRUE
2022-09-12,C0574433565248,Francis,Munoz,(847) 878-3536,zur@mok.ke,Female,1741 Vawi Parkway,TRUE
2022-09-12,C0577470211536,Sara,Brown,(923) 694-4668,daw@tu.ke,Male,484 Hupuz Way,TRUE
2022-09-12,C0559744563760,Aiden,Guzman,(524) 326-5364,poku@niehohu.ag,Female,112 Teot Pike,TRUE
2022-09-12,C0591591550448,Marcus,Hoffman,(523) 458-9074,zelarewo@duraw.ga,Female,1916 Zuwe Street,TRUE
2022-09-12,C0540973166960,Cynthia,Parsons,(350) 772-2709,katu@wizufi.lv,Female,521 Diigi Mill,TRUE
2022-09-12,C0526763317024,Philip,James,(919) 816-3821,ikki@larohowe.ac,Female,1398 Epiko Circle,TRUE
2022-09-12,C0551298257760,Elva,Becker,(472) 219-4346,pu@zih.mp,Female,346 Epeza Manor,TRUE
2022-09-12,C0566325136660,Elnora,Perez,(385) 433-3814,zuzal@dut.cd,Male,1366 Pukeg Junction,TRUE
2022-09-12,C0559591908360,Louisa,Austin,(480) 949-3123,ceh@zogis.bv,Male,1838 Wijav Junction,TRUE
2022-09-12,C0522472463636,Virginia,Harvey,(735) 875-6094,dodlon@fukagilu.li,Female,828 Noak Manor,TRUE
2022-09-12,C0571149944060,Randy,Sanders,(244) 885-4343,ram@zehogti.om,Male,895 Fevase Trail,TRUE
2022-09-12,C0532726291148,Barbara,Armstrong,(918) 286-4382,ojugiuw@fefrepiw.com,Male,1474 Raica Key,TRUE
2022-09-12,C0565343802560,Alma,Holland,(848) 316-7380,ogoba@ajubab.lv,Female,1145 Pacid Terrace,TRUE
2022-09-12,C0566055809460,Mabel,Martin,(554) 995-6191,kisro@zavole.tc,Female,1633 Amaje Pike,TRUE
2022-09-12,C0530933426260,Jennie,Love,(282) 999-8153,rom@lawesetu.se,Female,766 Pilheh Plaza,TRUE
2022-09-12,C0573141692948,Leila,Reese,(887) 282-6407,isoutonir@gitiduro.tj,Male,1702 Pidjup Manor,TRUE
2022-09-12,C0581578454560,Adrian,Scott,(875) 206-3552,kuh@ducrit.bo,Female,1339 Cuwe Lane,TRUE
2022-09-12,C0545796041536,Alice,Colon,(902) 265-7674,lir@esuh.cm,Male,1131 Bepo Loop,TRUE
2022-09-12,C0564558728760,Phillip,Buchanan,(441) 489-1212,giwfe@aruzahbuh.gf,Male,199 Sozad Point,TRUE
2022-09-12,C0526688520312,Don,Hernandez,(388) 929-8650,babbo@uwjuji.gl,Female,269 Bojilu Loop,TRUE
2022-09-12,C0573384596160,Sam,Pope,(872) 616-7627,jitoniej@sifvo.ru,Female,1067 Danopu Plaza,TRUE
2022-09-12,C0541133549560,Ronald,Dixon,(270) 654-8744,be@be.pf,Female,426 Inavaz Lane,TRUE
2022-09-12,C0572190463960,Adam,Thornton,(561) 582-1626,va@berzehon.de,Male,1633 Falmad Trail,TRUE
2022-09-12,C0543946536160,Floyd,Ortiz,(943) 707-2263,ekuwe@sope.ch,Female,1432 Caito Court,TRUE
2022-09-12,C0572623204360,Allen,Kelley,(263) 995-4214,sezkup@nubut.bh,Male,1612 Inzej Key,TRUE
2022-09-12,C0567265024660,Margaret,McCoy,(351) 285-4713,rabe@cudobod.se,Female,986 Zecje Trail,TRUE
2022-09-12,C0596095257960,Samuel,Ross,(608) 847-3639,uzefewlaf@bi.to,Male,278 Mofbo Path,TRUE
2022-09-12,C0575803190160,Jane,Adkins,(348) 986-6087,vo@buzohub.ae,Female,914 Osuwa Key,TRUE
2022-09-12,C0581136132260,Lewis,Ortiz,(478) 867-7311,melcic@tamrukki.aq,Male,672 Izdad Square,TRUE
2022-09-12,C0535593320136,Earl,Walters,(805) 245-8226,gotah@odaujojuv.id,Male,131 Geeg Glen,TRUE
2022-09-12,C0513952178060,Kenneth,Davidson,(300) 870-2609,giuli@ac.gr,Female,713 Finzor River,TRUE
2022-09-12,C0548463461012,Vera,Reyes,(246) 563-1412,ka@azadugo.pn,Male,254 Zehin Road,TRUE
2022-09-12,C0572431480260,Andrew,Brock,(781) 731-6156,ud@jenden.qa,Male,1603 Jivtaj Terrace,TRUE
2022-09-12,C0597657861136,Maria,Fernandez,(613) 631-8263,um@gibet.km,Female,1405 Uzutuk Avenue,TRUE
2022-09-12,C0520511627160,Frances,Castro,(472) 957-1134,inmegu@negemuf.an,Male,321 Aluuka Circle,TRUE
2022-09-12,C0530259809624,Winnie,Griffin,(254) 337-9658,vepomeru@gunolsig.us,Male,251 Goovi Lane,TRUE
2022-09-12,C0547138013948,Willie,Williamson,(701) 825-5321,din@wo.ax,Female,982 Towva Path,TRUE
2022-09-12,C0569114842848,Mary,Stanley,(487) 399-1224,ke@ugaro.fj,Female,1192 Zehar Lane,TRUE
2022-09-12,C0554230880360,Dora,Perry,(712) 794-5197,agromun@pi.mr,Male,608 Empi Glen,TRUE
2022-09-12,C0553958776260,Jayden,Daniels,(969) 386-7487,bu@niri.mx,Female,897 Pecco Place,TRUE
2022-09-12,C0596853261924,Stella,Jefferson,(325) 666-3124,aku@ronworgil.aq,Male,1575 Suaw Loop,TRUE
2022-09-12,C0527219338348,Luke,Fleming,(585) 664-8716,ocsadah@racmawje.hr,Male,1700 Kojoti Lane,TRUE
2022-09-12,C0550687713736,Martin,Hubbard,(509) 377-9746,ugu@dudedido.dz,Female,1395 Zuvri Road,TRUE
2022-09-12,C0549348337660,Bettie,Lindsey,(718) 673-7732,evo@zit.ms,Male,1098 Mofi Highway,TRUE
2022-09-12,C0587625963212,Bernice,Glover,(388) 420-5172,uvujef@leodaru.gb,Male,1841 Luzi Center,TRUE
2022-09-12,C0596937134324,Lewis,Cooper,(416) 221-3282,voszeca@wuznujif.tm,Female,205 Wojda Trail,TRUE
2022-09-12,C0579912576548,Agnes,Hubbard,(642) 548-6599,bida@iz.lt,Male,947 Fohfew Loop,TRUE
2022-09-12,C0563945857024,Tyler,Gibson,(513) 932-1167,felolsob@huz.gov,Male,1953 Iruho Extension,TRUE
2022-09-12,C0566869011360,Jason,Munoz,(455) 688-8978,cun@reso.mp,Male,1343 Hagu Court,TRUE
2022-09-12,C0590334606460,Glenn,Rodgers,(263) 486-7111,zeni@almib.mz,Male,543 Viwum Circle,TRUE
2022-09-12,C0599610387460,Gene,Todd,(608) 917-9121,jarabhe@dotju.na,Male,1519 Migit Path,TRUE
2022-09-12,C0563022881360,Calvin,Moss,(846) 699-9117,osmed@zo.mt,Female,179 Iczu Place,TRUE
2022-09-12,C0577574036136,Margaret,Pittman,(854) 373-8854,mokosjiw@jeiv.sh,Male,148 Ihhud Pike,TRUE
2022-09-12,C0562771536148,Vera,George,(350) 873-9817,gasogbac@uka.pa,Female,753 Tuzwa Path,TRUE
2022-09-12,C0552495480836,Jeff,Pope,(603) 940-6354,igtif@ihmevi.kr,Female,1380 Ulesav Terrace,TRUE
2022-09-12,C0577347513660,Ora,Garrett,(759) 986-1877,al@ziko.ma,Female,1746 Jerew Court,TRUE
2022-09-12,C0558261042660,Sallie,Meyer,(839) 274-8781,vejelhes@civred.pn,Female,724 Voar Glen,TRUE
2022-09-12,C0586333957148,Evelyn,Hawkins,(557) 505-2274,zac@pojuuc.hu,Male,1169 Modome Junction,TRUE
2022-09-12,C0529140939012,Rachel,Brewer,(248) 951-8171,to@ana.ch,Male,813 Joek Circle,TRUE
2022-09-12,C0511152022560,Aiden,Brooks,(362) 807-3348,ajuzuz@odjuzmen.ir,Female,1179 Puwam Junction,TRUE
2022-09-12,C0524792950636,Lucy,Munoz,(341) 499-4759,bevuh@litah.re,Male,1236 Noip Road,TRUE
2022-09-12,C0552593377660,Leila,Padilla,(859) 818-2207,mof@ru.mx,Female,1854 Goca Road,TRUE
2022-09-12,C0528977424724,Gabriel,Holloway,(880) 518-8879,du@vaj.li,Female,565 Taec Manor,TRUE
2022-09-12,C0566268658760,Mary,Palmer,(400) 917-6417,guf@letke.bo,Female,1455 Kovu Court,TRUE
2022-09-12,C0541961099460,Austin,Medina,(353) 922-6670,kuheoj@igijut.bv,Female,1033 Mobbeh Manor,TRUE
2022-09-12,C0584433342860,Hulda,Mason,(858) 224-1190,devcizbo@biw.pf,Male,1534 Ipomu Grove,TRUE
2022-09-12,C0587391329924,Etta,Holland,(935) 317-4359,vontefbej@bef.ug,Male,977 Makfir Ridge,TRUE
2022-09-12,C0547378029248,Harvey,Chavez,(701) 769-9724,ra@catag.pk,Female,80 Vabu Trail,TRUE
2022-09-12,C0576157402724,Elmer,Watkins,(546) 612-2634,bik@foca.gy,Female,1497 Sirva Square,TRUE
2022-09-12,C0521106899324,Josephine,Newton,(227) 595-2188,edi@pobve.gt,Male,1437 Petco Parkway,TRUE
2022-09-12,C0523897057460,Darrell,Clayton,(673) 509-6683,guluf@voka.mq,Female,344 Jobu Point,TRUE
2022-09-12,C0524292296460,Dean,Patterson,(276) 755-1741,ko@pi.la,Female,203 Dibu View,TRUE
2022-09-12,C0577548951224,Cynthia,Wagner,(246) 881-8814,kimzernev@beguz.md,Male,1215 Ugoro Lane,TRUE
2022-09-12,C0566927290348,Katie,Chambers,(887) 885-5954,guva@kod.mp,Male,1545 Dozwo Way,TRUE
2022-09-12,C0558924209624,Mattie,Greene,(443) 813-4746,li@pij.si,Male,712 Dime Terrace,TRUE
2022-09-12,C0580933015060,Mitchell,Stevens,(765) 335-1271,en@buk.gb,Female,1136 Onnun Park,TRUE
2022-09-12,C0530495056424,Leroy,Little,(736) 288-6112,favu@ovnej.fj,Female,1751 Vacho Center,TRUE
2022-09-12,C0591995002560,Shawn,Nunez,(570) 904-8828,pu@jenazo.hm,Male,617 Wiwo Pike,TRUE
2022-09-12,C0585926196060,Dean,Webb,(713) 396-4198,wamamter@rizid.co.uk,Female,28 Boohi Pike,TRUE
2022-09-12,C0538199733624,Sean,Franklin,(240) 754-1558,eliab@aguje.fo,Male,1401 Hupom Key,TRUE
2022-09-12,C0541584619060,Rosalie,Bennett,(609) 202-4260,tabjontoj@ofacuteb.cv,Male,1262 Hankuk Trail,TRUE
2022-09-12,C0521878843736,Jeanette,Gordon,(434) 560-3228,ombad@ba.sj,Female,1771 Idude Pass,TRUE
2022-09-12,C0576464643412,Julian,Gardner,(942) 353-5237,kaah@irukfuc.an,Male,208 Cadec Highway,TRUE
2022-09-12,C0585385942360,Ella,Buchanan,(620) 476-9246,ga@ni.cl,Male,1286 Aguha Mill,TRUE
2022-09-12,C0579950144748,Glen,Shaw,(564) 255-7206,ge@ari.no,Male,193 Gurhe Mill,TRUE
2022-09-12,C0594018381160,Jeremy,Black,(800) 269-6009,toso@suji.pw,Male,161 Ceza Turnpike,TRUE
2022-09-12,C0584978755060,Charlie,Cole,(614) 906-8244,wopnowaj@facak.ss,Male,1068 Lasav Glen,TRUE
2022-09-12,C0584261883848,Lena,Burke,(528) 924-3451,ofidijmir@hu.ir,Female,1309 Juak Parkway,TRUE
2022-09-12,C0530651164148,Leah,Allen,(328) 928-5676,bekona@tura.np,Male,812 Gojtob Junction,TRUE
2022-09-12,C0568548484560,Sean,McLaughlin,(688) 223-7692,kaop@cot.mp,Female,616 Winhe Path,TRUE
2022-09-12,C0527460762048,Chris,Medina,(921) 943-6886,metako@degow.gs,Male,1544 Moket Parkway,TRUE
2022-09-12,C0560550940760,Gabriel,Perry,(210) 243-6512,wem@pe.lr,Male,434 Igbeh Circle,TRUE
2022-09-12,C0534425181236,Devin,Hogan,(838) 438-4802,aza@roz.tg,Male,974 Tedta Extension,TRUE
2022-09-12,C0553099685312,Inez,Lynch,(618) 976-6165,umsofi@pottos.pr,Male,278 Tirwom Loop,TRUE
2022-09-12,C0591513742548,Connor,Reeves,(835) 394-1139,amhortar@jof.ss,Female,1675 Tuswe Street,TRUE
2022-09-12,C0534678826060,Ricky,Norman,(351) 510-6577,gon@ogrol.tg,Male,470 Bakup Avenue,TRUE
2022-09-12,C0584125049160,Effie,Collins,(268) 676-8935,darmivuh@rov.bm,Female,1535 Ugdat Place,TRUE
2022-09-12,C0591372524960,Maude,Newman,(729) 941-4815,howfaf@get.cx,Male,613 Bile Trail,TRUE
2022-09-12,C0575669857148,Stephen,Hubbard,(856) 616-3656,fiam@now.la,Female,507 Hiefa Way,TRUE
2022-09-12,C0579898072024,Ricky,Gregory,(975) 670-7356,felcimco@icjakur.py,Male,1343 Jormul Pass,TRUE
2022-09-12,C0526196032960,Lena,Williamson,(951) 465-5849,gikip@vefojte.fo,Female,1664 Tebapo Road,TRUE
2022-09-12,C0522730166424,May,Rivera,(886) 642-8559,za@melus.be,Male,509 Zupe Square,TRUE
2022-09-12,C0541031500348,Hester,Moran,(719) 561-8802,wedwakrit@vov.je,Male,379 Raji Court,TRUE
2022-09-12,C0532132806448,Alta,Hale,(555) 539-5754,isure@juvaj.kp,Male,131 Jutu Street,TRUE
2022-09-12,C0595756569160,Vera,Bennett,(912) 398-2470,kotigu@cogi.ni,Male,1997 Ozkah Street,TRUE
2022-09-12,C0512018158412,Frank,Edwards,(665) 927-7266,mu@vasiilo.pe,Female,1843 Ebcu Loop,TRUE
2022-09-12,C0533806132548,David,Newton,(447) 920-6628,luc@duekifo.mo,Female,160 Guec Pass,TRUE
2022-09-12,C0540047392548,Frederick,Russell,(921) 922-2342,tetpozar@da.ly,Female,1353 Awgo Junction,TRUE
2022-09-12,C0592293932824,Keith,Cross,(276) 593-4010,tufce@ofuce.rs,Male,1277 Bibig Manor,TRUE
2022-09-12,C0570204440060,Alvin,Bowman,(902) 497-2769,ko@hiuvca.nl,Male,511 Tofubu Drive,TRUE
2022-09-12,C0596829685560,Dustin,Flores,(552) 759-9821,deradto@moaco.cf,Female,1775 Rapso Terrace,TRUE
2022-09-12,C0564732090448,Kevin,Rodgers,(211) 713-4004,goho@oz.cg,Female,1936 Kekuru River,TRUE
2022-09-12,C0576625163048,Delia,Rios,(827) 390-7094,osse@tiz.mt,Female,277 Razog Loop,TRUE
2022-09-12,C0555305259260,Dylan,Ross,(406) 934-8551,lavramgim@fi.us,Male,578 Iteru Glen,TRUE
2022-09-12,C0559685222760,Mario,Oliver,(276) 792-1191,nisuk@vat.bh,Male,978 Rasro Turnpike,TRUE
2022-09-12,C0583990284824,Adelaide,Glover,(925) 921-4024,emlov@koveftup.ai,Female,1239 Zadim Point,TRUE
2022-09-12,C0584162370260,Nelle,Berry,(658) 989-8988,fefahiw@memel.io,Male,820 Rebas Key,TRUE
2022-09-12,C0587268626736,Lula,Ballard,(688) 717-2817,labacvej@jamve.gy,Male,1559 Kofwo Street,TRUE
2022-09-12,C0566575737660,Kenneth,Bass,(627) 324-5712,necubomab@ere.tl,Female,1123 Ofelo Junction,TRUE
2022-09-12,C0572744127260,Emilie,Green,(407) 827-5133,balziok@pejjo.ph,Female,839 Ikemok Plaza,TRUE
2022-09-12,C0580608706260,Travis,Reed,(647) 775-2819,ja@sezgu.fm,Male,1678 Ohuhin Boulevard,TRUE
2022-09-12,CU517051633036,Zachary,Pope,(538) 398-4831,singotef@elu.tr,Female,1203 Vofes Park,FALSE
2022-09-12,CU599343502124,Luke,Walker,(351) 283-9093,lahsi@jugpenfo.bz,Male,137 Nuzoc Trail,FALSE
2022-09-12,CU548484133660,Russell,Lindsey,(329) 833-8882,bah@mu.bi,Male,1673 Jumce Place,FALSE
2022-09-12,CU584374883060,Sarah,Pratt,(749) 847-1937,keil@setojeuc.cn,Female,945 Luksac Junction,FALSE
2022-09-12,CU550342168448,Minerva,Lamb,(607) 595-6538,sabme@joconu.ck,Male,1405 Else Highway,FALSE
2022-09-12,CU553446861060,Henrietta,Benson,(625) 215-2423,ozso@vasmemif.ee,Female,1605 Looh Path,FALSE
2022-09-12,CU570692341124,Louis,Carr,(753) 860-7858,ra@niru.gs,Female,105 Fafa Junction,FALSE
2022-09-12,CU534993322224,Hilda,Colon,(356) 530-8796,zo@fatzuoha.gy,Female,662 Dora Drive,FALSE
2022-09-12,CU590622009636,Hilda,Pittman,(983) 831-2469,wama@ofu.nc,Female,1384 Zehep Mill,FALSE
2022-09-12,CU535605085836,Hattie,Guerrero,(207) 576-7001,mi@gialef.pw,Female,1700 Nete Extension,FALSE
2022-09-12,CU525447367460,Melvin,Quinn,(762) 799-8771,me@sibpi.id,Female,100 Soleh Pass,FALSE
